Freq(Hz),Level(dB),0,1,2,3,4,5,6,7,8,9,10,11,12,13,14,15,16,17,18,19,20,21,22,23,24,25,26,27,28,29,30,31,32,33,34,35,36,37,38,39,40,41,42,43,44,45,46,47,48,49,50,51,52,53,54,55,56,57,58,59,60,61,62,63,64,65,66,67,68,69,70,71,72,73,74,75,76,77,78,79,80,81,82,83,84,85,86,87,88,89,90,91,92,93,94,95,96,97,98,99,100,101,102,103,104,105,106,107,108,109,110,111,112,113,114,115,116,117,118,119,120,121,122,123,124,125,126,127,128,129,130,131,132,133,134,135,136,137,138,139,140,141,142,143,144,145,146,147,148,149,150,151,152,153,154,155,156,157,158,159,160,161,162,163,164,165,166,167,168,169,170,171,172,173,174,175,176,177,178,179,180,181,182,183,184,185,186,187,188,189,190,191,192,193,194,195,196,197,198,199,200,201,202,203,204,205,206,207,208,209,210,211,212,213,214,215,216,217,218,219,220,221,222,223,224,225,226,227,228,229,230,231,232,233,234,235,236,237,238,239,240,241,242,243,,,,,,,,,,,,,,,,,,,,,,,,,,,,,,,,,,,,,,,,,,,,,,,
4000,90,0.001,0.002,0.002,0.002,0.002,0.002,0.002,0.002,0.002,0.002,0.002,0.002,0.002,0.002,0.002,0.002,0.002,0.002,0.002,0.002,0.002,0.001,0.001,0.001,0.001,0,0,0,0,0,0,-0.001,-0.001,-0.002,-0.001,-0.001,-0.001,-0.001,-0.001,-0.001,-0.002,-0.003,-0.003,-0.004,-0.003,-0.002,-0.002,-0.002,-0.001,-0.001,-0.001,-0.001,0,0,0,0,0,0,0.001,0.002,0.003,0.005,0.007,0.011,0.014,0.018,0.02,0.02,0.018,0.014,0.009,0.004,-0.001,-0.005,-0.009,-0.012,-0.015,-0.018,-0.02,-0.021,-0.021,-0.019,-0.017,-0.013,-0.008,-0.001,0.005,0.011,0.016,0.018,0.018,0.014,0.008,0,-0.009,-0.016,-0.021,-0.022,-0.022,-0.02,-0.018,-0.018,-0.019,-0.022,-0.025,-0.027,-0.028,-0.027,-0.023,-0.017,-0.01,-0.002,0.006,0.013,0.019,0.025,0.03,0.033,0.036,0.037,0.036,0.034,0.03,0.025,0.019,0.014,0.009,0.004,0.001,-0.001,-0.002,-0.001,0.001,0.004,0.008,0.01,0.012,0.013,0.012,0.01,0.009,0.008,0.007,0.007,0.007,0.007,0.006,0.004,0.002,-0.001,-0.005,-0.008,-0.011,-0.013,-0.014,-0.015,-0.015,-0.015,-0.014,-0.013,-0.013,-0.012,-0.011,-0.01,-0.008,-0.006,-0.004,-0.002,-0.001,0,0.001,0.001,0.002,0.002,0.003,0.003,0.003,0.003,0.002,0.001,0,-0.001,-0.001,-0.002,-0.003,-0.004,-0.005,-0.006,-0.007,-0.007,-0.007,-0.008,-0.008,-0.007,-0.006,-0.005,-0.004,-0.003,-0.003,-0.002,-0.001,0,0.001,0.003,0.004,0.005,0.006,0.006,0.007,0.007,0.008,0.008,0.009,0.009,0.009,0.008,0.007,0.006,0.006,0.005,0.005,0.004,0.003,0.002,0.001,-0.001,-0.001,-0.002,-0.002,-0.003,-0.004,-0.005,-0.005,-0.006,-0.007,-0.007,-0.007,-0.007,-0.007,-0.007,-0.007,-0.006,-0.005,-0.004,,,,,,,,,,,,,,,,,,,,,,,,,,,,,,,,,,,,,,,,,,,,,,,
4000,85,0.002,0.002,0.002,0.002,0.001,0.001,0,0,-0.001,-0.002,-0.002,-0.003,-0.003,-0.002,-0.001,-0.001,0,-0.001,-0.001,-0.001,-0.001,-0.001,-0.001,0,0,0,-0.001,-0.001,-0.001,-0.001,-0.001,0,0,0,0,0.001,0,0,0,-0.001,-0.002,-0.003,-0.003,-0.003,-0.003,-0.002,-0.002,-0.001,-0.001,0,0,0,-0.001,-0.001,-0.001,0,0.002,0.004,0.005,0.005,0.005,0.004,0.004,0.004,0.005,0.007,0.009,0.011,0.013,0.013,0.013,0.012,0.009,0.005,0.001,-0.002,-0.006,-0.009,-0.011,-0.013,-0.014,-0.014,-0.015,-0.015,-0.015,-0.013,-0.01,-0.005,0,0.005,0.01,0.014,0.016,0.017,0.016,0.013,0.009,0.003,-0.004,-0.01,-0.014,-0.017,-0.019,-0.02,-0.02,-0.02,-0.02,-0.02,-0.02,-0.019,-0.018,-0.016,-0.013,-0.009,-0.005,-0.001,0.004,0.009,0.014,0.019,0.024,0.028,0.031,0.032,0.032,0.029,0.025,0.021,0.016,0.011,0.005,0.001,-0.002,-0.004,-0.005,-0.004,-0.003,-0.001,0.001,0.004,0.006,0.007,0.008,0.008,0.008,0.008,0.008,0.008,0.008,0.008,0.007,0.005,0.003,0.001,-0.002,-0.004,-0.007,-0.009,-0.011,-0.011,-0.011,-0.011,-0.011,-0.01,-0.01,-0.01,-0.01,-0.009,-0.008,-0.007,-0.005,-0.003,-0.002,-0.001,-0.001,0,-0.001,-0.001,-0.001,-0.001,-0.001,0,0,0.001,0.001,0,0,0,0,-0.001,-0.001,-0.002,-0.003,-0.004,-0.005,-0.006,-0.007,-0.007,-0.007,-0.007,-0.007,-0.006,-0.005,-0.003,-0.002,-0.002,-0.001,-0.001,-0.001,0,0.002,0.003,0.004,0.005,0.005,0.005,0.006,0.007,0.009,0.01,0.011,0.01,0.009,0.008,0.007,0.006,0.005,0.004,0.003,0.002,0.001,0,-0.002,-0.003,-0.004,-0.004,-0.005,-0.005,-0.006,-0.006,-0.006,-0.005,-0.005,-0.003,,,,,,,,,,,,,,,,,,,,,,,,,,,,,,,,,,,,,,,,,,,,,,, 
4000,80,-0.001,-0.001,-0.001,0,0,0.001,0.002,0.002,0.003,0.003,0.003,0.003,0.002,0.002,0.001,0.002,0.002,0.003,0.004,0.004,0.005,0.005,0.004,0.004,0.004,0.004,0.004,0.004,0.003,0.003,0.002,0.001,0,-0.001,-0.001,-0.002,-0.002,-0.002,-0.002,-0.002,-0.002,-0.002,-0.002,-0.002,-0.002,-0.003,-0.003,-0.003,-0.002,-0.002,-0.002,-0.002,-0.002,-0.002,-0.002,-0.003,-0.003,-0.003,-0.004,-0.004,-0.004,-0.004,-0.004,-0.003,-0.003,-0.003,-0.002,0,0.003,0.006,0.008,0.01,0.01,0.009,0.009,0.008,0.007,0.006,0.004,0.001,-0.002,-0.006,-0.008,-0.01,-0.011,-0.011,-0.01,-0.009,-0.006,-0.003,-0.001,0.001,0.002,0.003,0.004,0.005,0.006,0.008,0.009,0.01,0.01,0.009,0.007,0.004,-0.001,-0.005,-0.01,-0.013,-0.015,-0.017,-0.018,-0.018,-0.018,-0.018,-0.017,-0.016,-0.015,-0.014,-0.012,-0.009,-0.006,-0.002,0.003,0.008,0.014,0.018,0.021,0.023,0.024,0.023,0.022,0.021,0.018,0.014,0.011,0.007,0.003,0.001,-0.001,-0.001,0,0,0.001,0.002,0.003,0.003,0.003,0.003,0.004,0.004,0.006,0.006,0.006,0.006,0.004,0.003,0.001,-0.001,-0.002,-0.003,-0.004,-0.006,-0.008,-0.01,-0.012,-0.013,-0.013,-0.012,-0.011,-0.011,-0.01,-0.009,-0.008,-0.007,-0.005,-0.003,-0.001,0.001,0.003,0.004,0.005,0.006,0.008,0.008,0.008,0.007,0.006,0.005,0.005,0.006,0.006,0.006,0.006,0.005,0.003,0.001,-0.001,-0.002,-0.004,-0.005,-0.005,-0.006,-0.006,-0.005,-0.005,-0.005,-0.004,-0.004,-0.003,-0.002,-0.001,-0.001,0,-0.001,-0.001,0,0,0.001,0.002,0.003,0.003,0.003,0.003,0.003,0.002,0.002,0.001,0.001,0.001,0.001,0.001,0,0,-0.001,-0.002,-0.003,-0.003,-0.004,-0.005,-0.006,-0.007,-0.008,-0.008,-0.007,,,,,,,,,,,,,,,,,,,,,,,,,,,,,,,,,,,,,,,,,,,,,,, 
4000,75,0.001,0.001,0.001,0,0,-0.001,-0.001,-0.002,-0.002,-0.003,-0.004,-0.005,-0.005,-0.005,-0.005,-0.003,-0.002,-0.002,-0.001,-0.002,-0.002,-0.003,-0.003,-0.003,-0.003,-0.002,-0.001,-0.001,0,0,0,-0.001,-0.001,-0.001,0,-0.001,-0.001,-0.001,0,0,0,0,0,0,-0.001,-0.001,-0.001,0,0,0.001,0.001,0.001,0.001,0.001,0.001,0.001,0.002,0.002,0.003,0.003,0.003,0.003,0.003,0.003,0.003,0.003,0.003,0.003,0.004,0.004,0.005,0.005,0.005,0.005,0.004,0.003,0.002,0,0,0,0,0,0,-0.001,-0.002,-0.002,-0.002,-0.002,-0.001,-0.001,0,0,0,0,-0.001,-0.001,-0.002,-0.003,-0.003,-0.003,-0.004,-0.004,-0.003,-0.003,-0.002,-0.001,0.001,0.001,0.001,0.001,0.001,0,0,-0.001,-0.002,-0.004,-0.005,-0.007,-0.008,-0.008,-0.008,-0.008,-0.008,-0.009,-0.009,-0.008,-0.007,-0.005,-0.003,-0.001,0.002,0.004,0.006,0.008,0.01,0.01,0.01,0.01,0.01,0.01,0.011,0.012,0.012,0.011,0.01,0.009,0.008,0.007,0.006,0.004,0.004,0.003,0.002,0.002,0.001,0.001,0,0,0,0,-0.001,-0.001,-0.001,-0.002,-0.002,-0.002,-0.002,-0.003,-0.003,-0.003,-0.004,-0.004,-0.005,-0.005,-0.005,-0.006,-0.007,-0.008,-0.009,-0.008,-0.007,-0.006,-0.006,-0.005,-0.004,-0.003,-0.003,-0.002,-0.001,0.001,0.002,0.004,0.005,0.005,0.006,0.006,0.006,0.006,0.005,0.005,0.006,0.006,0.007,0.007,0.006,0.006,0.006,0.005,0.005,0.005,0.004,0.003,0.002,0.001,0.001,0.001,0,0,-0.001,-0.001,-0.002,-0.003,-0.005,-0.006,-0.006,-0.006,-0.005,-0.005,-0.004,-0.004,-0.004,-0.004,-0.004,-0.003,-0.002,-0.001,0,0,0,0,0,0,0,0,,,,,,,,,,,,,,,,,,,,,,,,,,,,,,,,,,,,,,,,,,,,,,, 
4000,70,0.002,0.002,0.001,0.001,0.001,0.001,0.001,0.001,0.001,0.001,0.002,0.002,0.002,0.003,0.003,0.003,0.004,0.005,0.005,0.004,0.004,0.003,0.003,0.003,0.003,0.002,0.002,0.002,0.002,0.002,0.002,0.001,0,-0.001,-0.001,-0.002,-0.002,-0.003,-0.003,-0.003,-0.003,-0.002,-0.002,-0.001,-0.001,-0.001,-0.002,-0.002,-0.003,-0.003,-0.003,-0.003,-0.002,-0.002,-0.002,-0.002,-0.002,-0.002,-0.002,-0.002,-0.002,-0.002,-0.002,-0.003,-0.003,-0.003,-0.003,-0.002,-0.001,0,0.001,0.001,0.001,0.001,0.001,0,0,0,0.001,0.001,0.001,0.001,0,0.001,0.001,0.001,0.001,0.001,0.001,0.001,0.001,0.001,0.001,0.002,0.002,0.003,0.003,0.002,0.001,0,-0.001,-0.003,-0.003,-0.003,-0.003,-0.003,-0.002,-0.001,-0.001,0,-0.001,-0.001,-0.001,-0.001,-0.001,-0.001,-0.002,-0.002,-0.002,-0.003,-0.003,-0.003,-0.003,-0.002,-0.002,-0.002,-0.002,-0.002,-0.002,-0.001,-0.001,0.001,0.002,0.003,0.003,0.004,0.004,0.004,0.004,0.005,0.006,0.006,0.007,0.007,0.006,0.006,0.005,0.005,0.005,0.004,0.004,0.003,0.003,0.002,0.001,0,0,-0.001,-0.002,-0.003,-0.003,-0.003,-0.003,-0.002,-0.002,-0.002,-0.002,-0.002,-0.002,-0.002,-0.002,-0.002,-0.002,-0.002,-0.002,-0.002,-0.003,-0.003,-0.003,-0.002,-0.002,-0.003,-0.003,-0.004,-0.005,-0.005,-0.004,-0.003,-0.002,-0.001,-0.001,0,0,-0.001,-0.001,0,0,0,0.001,0.002,0.002,0.003,0.003,0.003,0.003,0.002,0.002,0.002,0.002,0.002,0.001,0.001,0,-0.001,-0.001,-0.001,0,0,0.001,0.002,0.002,0.003,0.004,0.004,0.003,0.003,0.002,0.001,0,-0.001,-0.001,-0.002,-0.002,-0.002,-0.002,-0.003,-0.003,-0.003,-0.003,-0.003,-0.002,-0.002,-0.002,-0.003,,,,,,,,,,,,,,,,,,,,,,,,,,,,,,,,,,,,,,,,,,,,,,, 
4000,65,-0.001,-0.001,-0.001,-0.001,-0.001,0,0,0,0,0,0,0,0.001,0.001,0.002,0.003,0.003,0.004,0.004,0.004,0.003,0.003,0.002,0.002,0.002,0.002,0.003,0.003,0.003,0.003,0.002,0.002,0.001,0.001,0,0,0,0,-0.001,-0.001,-0.001,-0.001,-0.001,-0.001,-0.002,-0.002,-0.003,-0.003,-0.002,-0.002,-0.002,-0.002,-0.003,-0.003,-0.002,-0.002,-0.001,0,0,0,0,-0.001,-0.001,-0.002,-0.003,-0.004,-0.004,-0.004,-0.003,-0.002,-0.002,-0.001,-0.001,-0.001,0,0,0.001,0.002,0.002,0.003,0.003,0.003,0.002,0.001,0,0,0.001,0.002,0.003,0.003,0.003,0.003,0.003,0.003,0.004,0.004,0.004,0.004,0.004,0.003,0.002,0,-0.003,-0.005,-0.006,-0.007,-0.007,-0.007,-0.008,-0.008,-0.008,-0.008,-0.008,-0.007,-0.006,-0.006,-0.005,-0.004,-0.003,-0.003,-0.001,0,0.001,0.001,0.002,0.002,0.002,0.002,0.003,0.003,0.004,0.004,0.004,0.004,0.004,0.004,0.003,0.003,0.004,0.004,0.004,0.004,0.005,0.005,0.005,0.005,0.005,0.005,0.005,0.005,0.005,0.005,0.005,0.005,0.005,0.005,0.004,0.003,0.002,0.001,0,-0.001,-0.002,-0.003,-0.004,-0.004,-0.005,-0.005,-0.005,-0.005,-0.005,-0.005,-0.005,-0.005,-0.004,-0.004,-0.004,-0.004,-0.004,-0.003,-0.003,-0.003,-0.003,-0.003,-0.003,-0.003,-0.003,-0.002,-0.001,-0.001,0,0,0,0,-0.001,-0.001,-0.002,-0.001,0,0.001,0.002,0.003,0.003,0.003,0.002,0.001,0.001,0.001,0.002,0.002,0.003,0.003,0.003,0.003,0.002,0.001,0.001,0.001,0.001,0.002,0.003,0.003,0.002,0.001,0.001,0.001,0.001,0.002,0.002,0.001,0.001,0.001,0,-0.001,-0.001,-0.001,-0.002,-0.002,-0.002,-0.003,-0.003,-0.003,-0.003,-0.003,,,,,,,,,,,,,,,,,,,,,,,,,,,,,,,,,,,,,,,,,,,,,,, 
4000,60,-0.004,-0.004,-0.004,-0.003,-0.002,-0.002,-0.001,-0.001,-0.001,-0.001,0,0,0,0,0,0,0,0.001,0.001,0.001,0.001,0.001,0.001,0.001,0.001,0.001,0.001,0,-0.001,-0.001,-0.002,-0.002,-0.001,-0.001,0,0,0.001,0.001,0.001,0.001,0.001,0.001,0,0,0,0,0,0,0,0.001,0.001,0.002,0.003,0.003,0.003,0.003,0.002,0.001,0.001,0.001,0.001,0.002,0.001,0.001,0,0.001,0.001,0.002,0.002,0.003,0.003,0.003,0.002,0.002,0.002,0.002,0.002,0.002,0.003,0.003,0.002,0.001,0,-0.001,-0.001,-0.002,-0.003,-0.004,-0.005,-0.005,-0.005,-0.005,-0.005,-0.004,-0.004,-0.003,-0.003,-0.003,-0.003,-0.003,-0.002,-0.002,-0.001,-0.001,-0.001,-0.001,-0.002,-0.002,-0.002,-0.002,-0.002,-0.002,-0.002,-0.002,-0.002,-0.001,0,0.001,0.002,0.003,0.003,0.003,0.004,0.004,0.005,0.005,0.005,0.004,0.004,0.004,0.005,0.006,0.006,0.006,0.005,0.004,0.003,0.003,0.002,0.002,0.001,0.001,0.001,0.001,0.001,0.001,0.001,0,-0.001,-0.001,-0.002,-0.001,-0.001,-0.001,-0.001,-0.001,-0.001,-0.001,-0.002,-0.003,-0.003,-0.003,-0.003,-0.003,-0.003,-0.003,-0.003,-0.004,-0.004,-0.005,-0.005,-0.004,-0.003,-0.003,-0.003,-0.003,-0.004,-0.004,-0.004,-0.004,-0.004,-0.004,-0.004,-0.003,-0.002,-0.001,0,0.001,0.001,0.001,0.001,0.002,0.002,0.003,0.005,0.006,0.006,0.007,0.007,0.007,0.007,0.007,0.007,0.007,0.006,0.006,0.006,0.005,0.005,0.005,0.004,0.004,0.003,0.002,0.002,0.001,0,-0.001,-0.001,-0.001,-0.001,-0.001,-0.001,-0.001,-0.001,-0.002,-0.002,-0.003,-0.003,-0.003,-0.003,-0.003,-0.004,-0.004,-0.005,-0.005,-0.005,-0.005,-0.005,-0.004,-0.004,-0.004,-0.003,-0.003,,,,,,,,,,,,,,,,,,,,,,,,,,,,,,,,,,,,,,,,,,,,,,, 
4000,55,0.002,0.002,0.002,0.002,0.002,0.001,0.001,0.001,0.002,0.002,0.003,0.003,0.003,0.003,0.003,0.003,0.003,0.003,0.004,0.003,0.003,0.003,0.002,0.002,0.002,0.001,0.001,0,0,-0.001,-0.002,-0.003,-0.004,-0.005,-0.004,-0.003,-0.003,-0.002,-0.003,-0.003,-0.004,-0.005,-0.006,-0.006,-0.006,-0.006,-0.006,-0.005,-0.004,-0.003,-0.002,-0.001,0,0,0.001,0.002,0.003,0.004,0.004,0.004,0.004,0.004,0.004,0.004,0.003,0.003,0.003,0.003,0.003,0.003,0.003,0.003,0.003,0.003,0.004,0.004,0.004,0.004,0.003,0.002,0.001,0,0,0,-0.001,-0.001,-0.002,-0.002,-0.002,-0.003,-0.003,-0.003,-0.003,-0.003,-0.003,-0.003,-0.002,-0.001,0,0.001,0.001,0.001,0.001,0.001,0.001,0.001,0.001,0.002,0.002,0.002,0.002,0.002,0.002,0.002,0.002,0.002,0.001,0.002,0.002,0.002,0.002,0.002,0.001,0.001,0,-0.001,-0.002,-0.002,-0.002,-0.002,-0.002,-0.001,-0.001,-0.002,-0.003,-0.004,-0.005,-0.005,-0.005,-0.004,-0.003,-0.002,-0.001,0,0,-0.001,-0.001,-0.001,-0.001,-0.001,-0.001,-0.001,-0.001,-0.001,0,0.001,0.002,0.002,0.002,0.002,0.002,0.002,0.002,0.002,0.002,0.002,0.002,0.003,0.003,0.003,0.002,0.001,0.001,0,0,0,0,0.001,0.002,0.003,0.003,0.003,0.002,0.001,0,-0.001,-0.001,-0.001,-0.001,-0.001,0,0.001,0.002,0.003,0.004,0.003,0.003,0.003,0.003,0.004,0.003,0.003,0.003,0.002,0,-0.001,-0.001,-0.001,-0.001,-0.001,-0.001,-0.001,-0.001,-0.002,-0.003,-0.004,-0.005,-0.005,-0.006,-0.007,-0.007,-0.008,-0.008,-0.007,-0.007,-0.006,-0.005,-0.004,-0.004,-0.003,-0.002,-0.002,-0.001,-0.001,0,0,0,0,0.001,0.001,0.002,0.003,0.004,0.005,,,,,,,,,,,,,,,,,,,,,,,,,,,,,,,,,,,,,,,,,,,,,,, 
8000,90,-0.001,-0.001,-0.001,-0.001,-0.001,-0.001,-0.002,-0.002,-0.002,-0.002,-0.002,-0.002,-0.001,-0.001,0,0.001,0.002,0.002,0.002,0.002,0.002,0.002,0.001,0,0,-0.001,-0.001,-0.001,-0.001,-0.001,-0.001,-0.002,-0.002,-0.002,-0.002,-0.002,-0.002,-0.003,-0.002,-0.002,-0.001,0,0.002,0.003,0.004,0.004,0.004,0.004,0.004,0.004,0.004,0.003,0.003,0.003,0.004,0.006,0.008,0.01,0.012,0.012,0.012,0.011,0.009,0.008,0.007,0.006,0.005,0.003,0,-0.003,-0.007,-0.011,-0.015,-0.019,-0.022,-0.024,-0.024,-0.023,-0.02,-0.017,-0.012,-0.007,-0.002,0.003,0.008,0.011,0.011,0.01,0.005,-0.001,-0.007,-0.012,-0.014,-0.015,-0.016,-0.016,-0.016,-0.017,-0.018,-0.02,-0.021,-0.021,-0.018,-0.013,-0.006,0.001,0.01,0.017,0.024,0.029,0.032,0.033,0.032,0.03,0.027,0.023,0.019,0.015,0.012,0.009,0.007,0.006,0.006,0.008,0.009,0.011,0.012,0.011,0.009,0.007,0.003,-0.001,-0.003,-0.004,-0.005,-0.005,-0.004,-0.004,-0.003,-0.001,0.001,0.003,0.005,0.007,0.008,0.008,0.007,0.005,0.003,0.001,-0.001,-0.001,-0.002,-0.002,-0.002,-0.002,-0.002,-0.003,-0.004,-0.006,-0.007,-0.008,-0.009,-0.009,-0.009,-0.008,-0.007,-0.006,-0.006,-0.005,-0.005,-0.005,-0.005,-0.005,-0.005,-0.005,-0.004,-0.004,-0.004,-0.004,-0.004,-0.004,-0.004,-0.003,-0.003,-0.002,-0.001,0,0,-0.001,-0.001,-0.002,-0.003,-0.004,-0.005,-0.005,-0.005,-0.005,-0.004,-0.002,-0.001,0.001,0.003,0.006,0.009,0.012,0.014,0.015,0.015,0.014,0.012,0.01,0.008,0.006,0.005,0.004,0.002,0,-0.002,-0.004,-0.005,-0.006,-0.006,-0.006,-0.005,-0.005,-0.004,-0.004,-0.004,-0.004,-0.004,-0.003,-0.003,-0.002,-0.002,-0.003,-0.003,-0.003,-0.003,-0.003,-0.002,-0.002,-0.001,0,,,,,,,,,,,,,,,,,,,,,,,,,,,,,,,,,,,,,,,,,,,,,,, 
8000,85,0.003,0.002,0.002,0.001,0.001,0.001,0.001,0.001,0.001,0.001,0,0,0,0,0,0,0,-0.001,-0.001,-0.001,0,0,0.001,0.001,0.001,0.001,0,0.001,0.001,0,0,0,-0.001,-0.002,-0.002,-0.002,-0.001,-0.001,0,0,0,0,0,0,0.001,0.001,0.001,0.001,0.001,0.001,0.001,0.001,0.001,0,0.001,0.002,0.003,0.004,0.006,0.007,0.008,0.008,0.007,0.006,0.003,0.001,-0.001,-0.002,-0.002,-0.002,-0.002,-0.004,-0.006,-0.009,-0.013,-0.017,-0.019,-0.02,-0.019,-0.017,-0.014,-0.01,-0.006,-0.001,0.004,0.008,0.01,0.012,0.011,0.008,0.005,0,-0.003,-0.007,-0.01,-0.012,-0.014,-0.016,-0.018,-0.02,-0.021,-0.021,-0.019,-0.016,-0.011,-0.005,0.002,0.009,0.016,0.022,0.027,0.029,0.03,0.029,0.027,0.023,0.02,0.016,0.012,0.009,0.006,0.005,0.004,0.004,0.005,0.006,0.008,0.01,0.011,0.011,0.01,0.008,0.006,0.003,0,-0.003,-0.005,-0.006,-0.006,-0.006,-0.005,-0.005,-0.004,-0.003,-0.001,0,0.002,0.003,0.003,0.002,0,-0.001,-0.003,-0.004,-0.004,-0.004,-0.004,-0.004,-0.004,-0.004,-0.004,-0.003,-0.003,-0.003,-0.002,-0.002,-0.001,-0.001,-0.001,-0.001,0,0,0.001,0.001,0.002,0.002,0.003,0.003,0.003,0.002,0,-0.002,-0.004,-0.005,-0.006,-0.007,-0.007,-0.007,-0.008,-0.008,-0.01,-0.01,-0.01,-0.01,-0.008,-0.007,-0.006,-0.005,-0.004,-0.003,-0.002,-0.001,0.001,0.003,0.004,0.005,0.006,0.006,0.006,0.006,0.006,0.006,0.007,0.006,0.006,0.005,0.004,0.004,0.004,0.003,0.003,0.002,0.001,0.001,0.001,0.001,0.001,0.001,0,0,-0.001,-0.001,-0.002,-0.002,-0.003,-0.003,-0.004,-0.004,-0.005,-0.005,-0.004,-0.004,-0.003,-0.002,,,,,,,,,,,,,,,,,,,,,,,,,,,,,,,,,,,,,,,,,,,,,,, 
8000,80,0.002,0.002,0.002,0.002,0.001,0.001,0.001,0,0,-0.001,-0.001,-0.002,-0.002,-0.002,-0.002,-0.001,-0.001,0,0,0,0,0,0,-0.001,-0.001,-0.001,-0.001,-0.001,-0.001,0,0.001,0.001,0.002,0.002,0.002,0.002,0.002,0.002,0.002,0.002,0.003,0.003,0.002,0.002,0.002,0.002,0.002,0.002,0.002,0.002,0.002,0.002,0.002,0.003,0.002,0.002,0.002,0.002,0.004,0.005,0.006,0.007,0.007,0.006,0.005,0.003,0.001,-0.001,-0.002,-0.003,-0.004,-0.005,-0.006,-0.006,-0.007,-0.009,-0.011,-0.012,-0.014,-0.014,-0.013,-0.012,-0.01,-0.006,-0.002,0.002,0.005,0.008,0.009,0.009,0.008,0.005,0.002,-0.001,-0.003,-0.004,-0.005,-0.007,-0.009,-0.012,-0.015,-0.018,-0.02,-0.021,-0.02,-0.017,-0.012,-0.005,0.002,0.009,0.015,0.019,0.022,0.024,0.023,0.022,0.02,0.017,0.014,0.011,0.008,0.004,0.002,0,-0.001,0,0.001,0.003,0.005,0.008,0.01,0.011,0.011,0.01,0.009,0.008,0.006,0.004,0.002,0,-0.001,-0.002,-0.003,-0.004,-0.004,-0.004,-0.005,-0.005,-0.005,-0.005,-0.005,-0.005,-0.005,-0.006,-0.006,-0.005,-0.005,-0.005,-0.006,-0.006,-0.006,-0.006,-0.005,-0.004,-0.003,-0.003,-0.003,-0.004,-0.005,-0.004,-0.003,-0.002,0,0.002,0.003,0.005,0.005,0.006,0.007,0.006,0.006,0.006,0.005,0.004,0.002,0,-0.002,-0.003,-0.004,-0.005,-0.005,-0.006,-0.006,-0.006,-0.006,-0.005,-0.005,-0.004,-0.003,-0.001,0,0.001,0.002,0.003,0.003,0.003,0.002,0.002,0.001,0.002,0.002,0.002,0.002,0.002,0.002,0.002,0.001,0.001,0.002,0.002,0.004,0.004,0.005,0.004,0.003,0.003,0.002,0.002,0.001,0,-0.001,-0.001,-0.002,-0.003,-0.003,-0.003,-0.004,-0.004,-0.005,-0.005,-0.005,-0.005,-0.005,-0.005,,,,,,,,,,,,,,,,,,,,,,,,,,,,,,,,,,,,,,,,,,,,,,, 
8000,75,0.001,0.001,0.001,0.001,0.001,0.001,0.001,0,-0.001,-0.001,-0.001,-0.001,0,0,0,0,0.001,0.001,0.001,0,-0.001,-0.002,-0.002,-0.002,-0.002,-0.001,0,0,0.001,0.001,0.001,0.001,0.002,0.002,0.002,0.002,0.003,0.003,0.003,0.002,0.001,0,0,0,0,0.001,0.002,0.003,0.003,0.002,0.001,0.001,0,-0.001,-0.001,0,0,0.001,0.001,0.001,0.003,0.004,0.005,0.005,0.006,0.005,0.004,0.003,0.002,0,-0.001,-0.002,-0.003,-0.003,-0.004,-0.004,-0.005,-0.006,-0.007,-0.008,-0.009,-0.009,-0.009,-0.008,-0.006,-0.004,-0.001,0.002,0.004,0.005,0.006,0.005,0.003,0.001,-0.001,-0.002,-0.003,-0.003,-0.004,-0.006,-0.008,-0.01,-0.012,-0.014,-0.014,-0.014,-0.012,-0.01,-0.007,-0.004,-0.001,0.003,0.006,0.01,0.012,0.014,0.014,0.013,0.011,0.009,0.007,0.004,0.002,0,-0.001,-0.003,-0.003,-0.003,-0.002,0.001,0.004,0.007,0.011,0.013,0.014,0.015,0.015,0.014,0.012,0.011,0.009,0.007,0.006,0.005,0.004,0.004,0.003,0.002,0.001,0,-0.002,-0.003,-0.004,-0.005,-0.007,-0.008,-0.008,-0.009,-0.01,-0.01,-0.009,-0.008,-0.007,-0.007,-0.005,-0.004,-0.002,-0.001,0,0.001,0.001,0.001,0.001,0.001,0.001,0.002,0.002,0.001,0.001,0,0,0,0,-0.001,-0.001,-0.001,-0.001,-0.001,-0.001,-0.001,-0.001,-0.001,-0.002,-0.002,-0.002,-0.003,-0.003,-0.003,-0.002,-0.001,0,0.001,0.002,0.002,0.001,0,0,0,0,0,0.001,0.001,0.001,0.001,0.001,0.002,0.002,0.002,0.002,0.001,0,0,0,0,0,0,0,0,0,0,0,-0.001,-0.001,-0.001,-0.001,-0.001,-0.001,-0.002,-0.002,-0.003,-0.004,-0.003,-0.003,-0.002,,,,,,,,,,,,,,,,,,,,,,,,,,,,,,,,,,,,,,,,,,,,,,, 
8000,70,0.001,0.001,0.001,0.001,0,0,0,0.001,0.001,0.002,0.001,0,0,-0.001,-0.001,-0.001,-0.001,0,0,0.001,0.001,0.002,0.002,0.002,0.001,0,-0.001,-0.001,-0.001,-0.001,-0.001,-0.002,-0.002,-0.003,-0.003,-0.003,-0.003,-0.002,-0.001,-0.001,-0.002,-0.002,-0.002,-0.002,-0.001,-0.001,-0.001,0,0.001,0.002,0.003,0.003,0.003,0.003,0.003,0.002,0.003,0.003,0.004,0.004,0.005,0.005,0.006,0.007,0.007,0.007,0.007,0.005,0.003,0.001,0,-0.002,-0.003,-0.003,-0.004,-0.005,-0.005,-0.006,-0.007,-0.008,-0.01,-0.01,-0.01,-0.009,-0.008,-0.006,-0.003,0,0.002,0.004,0.005,0.005,0.005,0.004,0.002,0.001,0,-0.001,-0.002,-0.003,-0.005,-0.006,-0.008,-0.01,-0.011,-0.012,-0.013,-0.012,-0.011,-0.009,-0.006,-0.002,0.001,0.005,0.008,0.011,0.012,0.013,0.012,0.011,0.01,0.009,0.008,0.008,0.006,0.004,0.001,-0.002,-0.004,-0.005,-0.004,-0.002,0.001,0.004,0.006,0.008,0.009,0.011,0.012,0.012,0.012,0.011,0.009,0.008,0.006,0.004,0.002,0,-0.002,-0.003,-0.004,-0.004,-0.004,-0.004,-0.005,-0.005,-0.006,-0.006,-0.006,-0.006,-0.006,-0.006,-0.006,-0.006,-0.005,-0.005,-0.004,-0.004,-0.005,-0.005,-0.005,-0.004,-0.004,-0.003,-0.003,-0.002,-0.002,-0.001,0,0,0.001,0.001,0.002,0.002,0.003,0.004,0.004,0.004,0.003,0.003,0.003,0.003,0.003,0.003,0.003,0.002,0.001,0,0,0.001,0.002,0.003,0.003,0.003,0.003,0.003,0.003,0.002,0.001,-0.001,-0.002,-0.003,-0.003,-0.003,-0.002,-0.001,-0.001,-0.001,-0.001,-0.001,0,0,0,-0.001,-0.001,-0.002,-0.003,-0.003,-0.003,-0.002,-0.001,-0.001,0,0,0.001,0.001,0,0,0,0,0,0,0,0,,,,,,,,,,,,,,,,,,,,,,,,,,,,,,,,,,,,,,,,,,,,,,, 
8000,65,-0.001,-0.001,-0.001,-0.002,-0.002,-0.002,-0.003,-0.002,-0.002,-0.002,-0.002,-0.002,-0.002,-0.002,-0.002,-0.002,-0.001,-0.001,0,0,0,0,0,0,0,0,0,0,0,0,0,0.001,0.001,0.001,0.001,0,0,0,0,0.001,0.001,0.002,0.002,0.001,0.001,0,0,0,0,0,0,0,0,0,0,0,-0.001,-0.001,-0.001,-0.001,-0.001,-0.001,-0.001,-0.001,-0.001,0,0.001,0.002,0.003,0.002,0.001,-0.001,-0.001,-0.002,-0.002,-0.002,-0.002,-0.002,-0.002,-0.002,-0.002,-0.002,-0.003,-0.003,-0.003,-0.003,-0.002,0,0.002,0.004,0.005,0.006,0.007,0.007,0.007,0.006,0.004,0.003,0.001,0,-0.001,-0.001,-0.001,-0.001,-0.002,-0.004,-0.006,-0.008,-0.009,-0.01,-0.009,-0.007,-0.005,-0.002,0.001,0.003,0.005,0.005,0.005,0.006,0.006,0.006,0.006,0.006,0.005,0.004,0.002,0.001,-0.001,-0.002,-0.003,-0.004,-0.005,-0.004,-0.003,-0.002,0,0.002,0.004,0.006,0.006,0.007,0.007,0.007,0.007,0.007,0.007,0.006,0.005,0.004,0.002,0.001,0,-0.001,-0.002,-0.004,-0.005,-0.005,-0.005,-0.005,-0.005,-0.004,-0.004,-0.004,-0.003,-0.003,-0.003,-0.003,-0.002,-0.002,-0.003,-0.003,-0.003,-0.003,-0.003,-0.002,-0.002,-0.001,-0.001,-0.001,-0.001,-0.001,-0.001,-0.001,-0.002,-0.002,-0.002,-0.002,-0.001,0,0.001,0.002,0.002,0.002,0.002,0,-0.001,-0.002,-0.002,-0.002,-0.001,0,0.001,0.002,0.003,0.004,0.004,0.003,0.003,0.003,0.002,0.002,0.001,0.001,0.001,0.001,0.002,0.001,0.001,0.001,0,0,0,0,0,0,0,0,0.001,0.001,0.002,0.002,0.001,0.001,0.001,0.001,0,0,0,-0.001,-0.001,-0.001,0,0,,,,,,,,,,,,,,,,,,,,,,,,,,,,,,,,,,,,,,,,,,,,,,, 
8000,60,0,0.001,0.002,0.003,0.003,0.003,0.002,0.001,0,0,0,0,0,0,0.001,0.001,0.002,0.003,0.003,0.003,0.003,0.002,0.001,0.001,0.001,0,0,-0.001,-0.001,-0.002,-0.002,-0.002,-0.002,-0.002,-0.003,-0.003,-0.003,-0.002,-0.002,-0.002,-0.003,-0.003,-0.002,-0.002,-0.001,-0.001,-0.001,-0.002,-0.002,-0.001,-0.001,0,0.001,0.002,0.002,0.003,0.003,0.004,0.004,0.004,0.003,0.002,0.002,0.002,0.002,0.003,0.005,0.006,0.006,0.006,0.006,0.004,0.003,0.002,0.001,0,-0.001,-0.002,-0.003,-0.003,-0.004,-0.005,-0.005,-0.006,-0.006,-0.007,-0.007,-0.006,-0.005,-0.004,-0.002,-0.001,0.001,0.002,0.003,0.003,0.002,0.002,0,-0.001,-0.001,-0.001,-0.001,-0.001,-0.002,-0.002,-0.002,-0.002,-0.003,-0.004,-0.005,-0.005,-0.005,-0.004,-0.003,-0.001,0.001,0.002,0.003,0.003,0.003,0.003,0.003,0.003,0.003,0.004,0.004,0.004,0.004,0.003,0.002,0.002,0.001,0,-0.001,-0.001,-0.002,-0.001,-0.001,0,0.001,0.002,0.004,0.005,0.006,0.007,0.007,0.006,0.005,0.004,0.003,0.003,0.003,0.002,0.001,-0.001,-0.002,-0.004,-0.005,-0.006,-0.007,-0.008,-0.008,-0.009,-0.009,-0.008,-0.007,-0.006,-0.005,-0.003,-0.002,-0.002,-0.001,-0.001,-0.001,-0.001,-0.001,-0.001,-0.001,-0.001,0,0,0.001,0.001,0.001,0.001,0,0,-0.001,-0.001,0,0.001,0.001,0.002,0.002,0.003,0.003,0.003,0.003,0.003,0.003,0.002,0.002,0.002,0.002,0.002,0.002,0.002,0.002,0.001,0.001,0.001,0.002,0.002,0.002,0.002,0.001,0,0,-0.001,-0.001,-0.001,-0.001,-0.001,-0.002,-0.002,-0.002,-0.001,-0.001,-0.001,-0.001,-0.002,-0.002,-0.001,-0.001,0,0.001,0.001,0.001,0,0,-0.001,-0.001,0,,,,,,,,,,,,,,,,,,,,,,,,,,,,,,,,,,,,,,,,,,,,,,, 
8000,55,-0.003,-0.003,-0.003,-0.003,-0.002,-0.002,-0.002,-0.002,-0.001,-0.001,0,0,0,0.001,0.002,0.002,0.003,0.004,0.004,0.005,0.005,0.005,0.004,0.004,0.002,0.002,0.001,0.001,0.001,0.002,0.003,0.003,0.003,0.002,0.001,0.001,0.001,0.001,0.001,0.001,0,0,-0.001,-0.002,-0.002,-0.002,-0.002,-0.003,-0.003,-0.003,-0.004,-0.004,-0.005,-0.005,-0.005,-0.004,-0.003,-0.002,-0.002,-0.001,-0.001,0,0.001,0.002,0.002,0.002,0.003,0.003,0.004,0.004,0.005,0.004,0.004,0.004,0.004,0.003,0.002,0.001,-0.001,-0.001,-0.002,-0.003,-0.003,-0.003,-0.002,-0.002,-0.001,-0.002,-0.002,-0.003,-0.003,-0.002,-0.001,0,0.001,0.001,0.002,0.001,0.001,0,-0.001,-0.001,-0.002,-0.002,-0.002,-0.001,0,0,0.001,0.001,0,0,-0.001,-0.001,-0.002,-0.002,-0.002,-0.002,-0.001,0,0.001,0.002,0.003,0.003,0.003,0.003,0.003,0.002,0.002,0.001,0.002,0.002,0.002,0.001,0.001,0,0,0,0,0,0,0,0,0.001,0.002,0.003,0.004,0.005,0.005,0.006,0.006,0.005,0.004,0.004,0.003,0.002,0.002,0.001,0,-0.001,-0.001,-0.002,-0.002,-0.002,-0.002,-0.002,-0.002,-0.002,-0.002,-0.002,-0.001,-0.001,0,0.001,0.001,0.001,0,0,0,0.001,0.002,0.003,0.004,0.004,0.004,0.003,0.003,0.003,0.003,0.003,0.003,0.003,0.002,0.001,0.001,0.001,0.001,0,-0.001,-0.001,-0.002,-0.002,-0.002,-0.003,-0.004,-0.004,-0.004,-0.004,-0.004,-0.004,-0.003,-0.002,-0.002,-0.002,-0.002,-0.002,-0.002,-0.002,-0.002,-0.002,-0.003,-0.003,-0.003,-0.004,-0.004,-0.004,-0.003,-0.003,-0.003,-0.004,-0.004,-0.004,-0.004,-0.003,-0.002,-0.002,-0.001,0,0,0.001,0.001,0.001,0.002,0.002,,,,,,,,,,,,,,,,,,,,,,,,,,,,,,,,,,,,,,,,,,,,,,, 
8000,50,0.003,0.003,0.003,0.002,0.003,0.003,0.003,0.004,0.004,0.004,0.003,0.003,0.003,0.003,0.004,0.004,0.004,0.003,0.003,0.002,0.002,0.001,0,-0.001,-0.002,-0.003,-0.003,-0.003,-0.003,-0.003,-0.004,-0.005,-0.006,-0.006,-0.005,-0.004,-0.004,-0.004,-0.005,-0.005,-0.005,-0.005,-0.005,-0.004,-0.004,-0.003,-0.002,-0.001,0,0,0,0.001,0.002,0.002,0.003,0.003,0.003,0.003,0.003,0.003,0.004,0.005,0.005,0.005,0.004,0.003,0.002,0.002,0.002,0.003,0.004,0.005,0.005,0.005,0.004,0.003,0.002,0.002,0.001,0,0,-0.001,-0.001,-0.001,-0.001,-0.001,-0.001,-0.002,-0.002,-0.002,-0.002,-0.002,-0.001,-0.001,-0.001,-0.001,0,0,0.001,0.001,0.001,0.001,0,-0.001,-0.002,-0.004,-0.006,-0.006,-0.007,-0.006,-0.005,-0.004,-0.004,-0.003,-0.003,-0.003,-0.003,-0.003,-0.003,-0.003,-0.003,-0.003,-0.003,-0.002,-0.002,-0.001,-0.001,0,0.001,0.001,0.002,0.002,0.001,0.001,0.001,0.001,0.001,0.001,0.001,0,0,0.001,0.002,0.003,0.004,0.004,0.005,0.005,0.005,0.005,0.005,0.005,0.006,0.005,0.005,0.005,0.004,0.004,0.004,0.003,0.002,0.002,0.001,0,-0.001,-0.001,-0.002,-0.002,-0.002,-0.002,-0.002,-0.002,-0.003,-0.003,-0.003,-0.002,-0.001,-0.001,0,0,0,0,-0.001,-0.001,0,0,0,0,0,0,0,0.001,0.001,0.002,0.002,0.002,0.002,0.001,0.001,0,0,-0.001,-0.001,-0.001,-0.001,-0.001,-0.001,-0.001,0,0,0,0,0,0,0,-0.001,-0.001,-0.001,-0.002,-0.002,-0.002,-0.001,-0.001,-0.002,-0.001,-0.001,-0.001,0,0,0,0,-0.001,-0.001,-0.002,-0.002,-0.002,-0.002,-0.002,-0.002,-0.002,-0.002,-0.002,-0.001,-0.001,,,,,,,,,,,,,,,,,,,,,,,,,,,,,,,,,,,,,,,,,,,,,,, 
8000,45,0.001,0.001,0.001,0.001,0.001,0,0,-0.001,-0.001,0,0,0,0,0,0,0,0,0,0.001,0.001,0.001,0.001,0.001,0.001,0.001,0,0.001,0.001,0.001,0.001,0.001,0.001,0.001,0.001,0,0,0,-0.001,-0.001,-0.001,-0.001,-0.001,-0.001,0,0,0,-0.001,-0.001,-0.001,-0.001,-0.001,-0.001,-0.001,-0.001,-0.001,-0.002,-0.004,-0.004,-0.004,-0.003,-0.002,0,0.002,0.003,0.003,0.002,0.002,0.001,0.001,0.002,0.002,0.002,0.002,0.002,0.002,0.002,0.002,0.002,0.002,0.002,0.002,0.002,0.001,0,-0.001,-0.002,-0.002,-0.003,-0.003,-0.003,-0.003,-0.003,-0.004,-0.004,-0.004,-0.005,-0.005,-0.005,-0.004,-0.003,-0.002,-0.001,0,0.001,0.001,0.001,0,0,-0.001,-0.001,-0.002,-0.001,0,0,0.001,0.001,0.001,0.001,0.001,0.001,0.001,0.001,0.002,0.002,0.002,0.003,0.003,0.003,0.004,0.004,0.004,0.003,0.003,0.002,0.001,0.001,0,0,-0.001,-0.001,-0.001,-0.001,0,0,0.001,0.001,0.001,0.002,0.002,0.002,0.002,0.002,0.003,0.003,0.003,0.003,0.003,0.004,0.005,0.005,0.005,0.004,0.003,0.002,0.001,0,-0.001,-0.003,-0.003,-0.004,-0.004,-0.004,-0.004,-0.005,-0.005,-0.006,-0.007,-0.006,-0.006,-0.005,-0.004,-0.004,-0.003,-0.003,-0.003,-0.003,-0.002,-0.002,-0.002,-0.001,0,0.001,0.002,0.003,0.003,0.004,0.004,0.004,0.004,0.004,0.004,0.004,0.004,0.004,0.004,0.004,0.004,0.003,0.003,0.003,0.003,0.004,0.004,0.003,0.003,0.001,0,-0.001,-0.001,-0.001,-0.001,-0.001,-0.001,-0.001,-0.001,-0.002,-0.002,-0.002,-0.002,-0.003,-0.003,-0.003,-0.003,-0.003,-0.003,-0.003,-0.003,-0.003,-0.003,-0.003,-0.003,-0.003,-0.003,-0.003,,,,,,,,,,,,,,,,,,,,,,,,,,,,,,,,,,,,,,,,,,,,,,, 
16000,90,-0.001,-0.001,0,0.001,0.003,0.004,0.004,0.005,0.005,0.005,0.004,0.004,0.003,0.002,0.002,0.002,0.002,0.003,0.004,0.004,0.004,0.004,0.003,0.003,0.003,0.003,0.003,0.003,0.003,0.003,0.002,0.002,0.001,0.001,0,0,0,0.001,0.002,0.004,0.005,0.005,0.004,0.003,0.002,0,-0.001,-0.001,-0.001,-0.001,0,0.003,0.006,0.011,0.015,0.017,0.018,0.016,0.013,0.01,0.006,0.002,-0.002,-0.006,-0.012,-0.018,-0.023,-0.027,-0.03,-0.032,-0.033,-0.032,-0.031,-0.029,-0.025,-0.022,-0.018,-0.014,-0.01,-0.005,0.001,0.006,0.012,0.016,0.019,0.019,0.018,0.014,0.007,0,-0.007,-0.014,-0.02,-0.027,-0.033,-0.038,-0.041,-0.039,-0.032,-0.021,-0.008,0.007,0.021,0.034,0.044,0.052,0.058,0.061,0.063,0.063,0.06,0.055,0.048,0.039,0.03,0.021,0.014,0.008,0.004,0.001,-0.002,-0.006,-0.01,-0.014,-0.018,-0.019,-0.02,-0.019,-0.018,-0.017,-0.016,-0.015,-0.014,-0.012,-0.01,-0.007,-0.004,-0.001,0.001,0.002,0.003,0.002,0.002,0.001,0,0,-0.001,-0.002,-0.002,-0.003,-0.003,-0.003,-0.003,-0.002,-0.002,0,0.002,0.005,0.007,0.009,0.009,0.008,0.006,0.003,0.001,-0.002,-0.005,-0.008,-0.011,-0.013,-0.015,-0.016,-0.016,-0.016,-0.015,-0.014,-0.013,-0.012,-0.01,-0.009,-0.007,-0.007,-0.007,-0.006,-0.006,-0.005,-0.003,-0.001,0,0.002,0.004,0.006,0.007,0.008,0.008,0.009,0.01,0.011,0.012,0.012,0.013,0.012,0.011,0.01,0.007,0.005,0.002,0,-0.002,-0.003,-0.004,-0.004,-0.005,-0.006,-0.007,-0.007,-0.008,-0.008,-0.008,-0.008,-0.008,-0.008,-0.008,-0.008,-0.007,-0.007,-0.006,-0.005,-0.005,-0.004,-0.004,-0.004,-0.003,-0.003,-0.003,-0.002,-0.001,0,0.001,0.003,0.004,0.006,0.007,0.009,,,,,,,,,,,,,,,,,,,,,,,,,,,,,,,,,,,,,,,,,,,,,,, 
16000,85,0,-0.001,-0.002,-0.002,-0.002,-0.001,-0.001,-0.001,-0.001,-0.002,-0.002,-0.002,-0.002,-0.002,-0.001,-0.001,0.001,0.002,0.002,0.002,0.001,0.001,0.001,0.001,0.001,0.001,0.001,0.001,0.002,0.002,0.002,0.001,0,-0.001,-0.001,0,0,0.001,0.003,0.004,0.005,0.005,0.006,0.005,0.003,0.002,0.001,0,-0.001,-0.001,-0.001,0.001,0.003,0.006,0.009,0.012,0.013,0.013,0.011,0.008,0.005,0.002,-0.002,-0.005,-0.008,-0.011,-0.014,-0.017,-0.019,-0.021,-0.022,-0.022,-0.021,-0.018,-0.015,-0.011,-0.006,-0.002,0,0,0,0,0.001,0.003,0.007,0.01,0.013,0.014,0.013,0.011,0.006,0,-0.008,-0.016,-0.025,-0.033,-0.039,-0.041,-0.038,-0.031,-0.019,-0.006,0.008,0.02,0.03,0.038,0.043,0.047,0.05,0.053,0.053,0.051,0.046,0.038,0.029,0.018,0.009,0.001,-0.004,-0.007,-0.008,-0.009,-0.009,-0.011,-0.012,-0.013,-0.013,-0.012,-0.011,-0.009,-0.008,-0.007,-0.007,-0.006,-0.004,-0.003,-0.001,0,0.001,0.001,0.002,0.002,0.001,0.001,0,-0.001,-0.001,-0.002,-0.003,-0.003,-0.003,-0.003,-0.003,-0.003,-0.002,-0.002,-0.002,-0.001,-0.001,0,0.002,0.003,0.004,0.005,0.004,0.004,0.003,0.001,0,-0.001,-0.002,-0.003,-0.005,-0.006,-0.007,-0.007,-0.008,-0.008,-0.008,-0.008,-0.008,-0.008,-0.007,-0.006,-0.004,-0.003,-0.003,-0.002,-0.001,0.001,0.003,0.005,0.007,0.008,0.008,0.008,0.007,0.007,0.008,0.008,0.008,0.008,0.007,0.007,0.005,0.004,0.003,0.002,0.002,0.001,0,-0.002,-0.004,-0.005,-0.006,-0.006,-0.006,-0.006,-0.005,-0.006,-0.006,-0.006,-0.006,-0.006,-0.006,-0.005,-0.005,-0.005,-0.004,-0.004,-0.003,-0.003,-0.004,-0.003,-0.003,-0.002,-0.002,-0.001,-0.001,0,0,0.001,0.002,0.002,,,,,,,,,,,,,,,,,,,,,,,,,,,,,,,,,,,,,,,,,,,,,,, 
16000,80,0,0,0,0,-0.001,-0.001,-0.001,-0.002,-0.002,-0.002,-0.001,-0.001,0,0,0,0,0,0,0,0.001,0.001,0.001,0.001,0.001,0,0,0,0.001,0.001,0.001,0.002,0.002,0.002,0.002,0.002,0.002,0.003,0.003,0.004,0.005,0.006,0.006,0.006,0.006,0.005,0.005,0.003,0.002,0.001,0,0,0.001,0.003,0.005,0.008,0.01,0.011,0.01,0.009,0.006,0.003,0,-0.003,-0.005,-0.007,-0.01,-0.013,-0.016,-0.019,-0.022,-0.023,-0.024,-0.023,-0.021,-0.018,-0.014,-0.008,-0.003,0.002,0.005,0.005,0.003,0,-0.003,-0.004,-0.003,0,0.004,0.009,0.011,0.011,0.008,0.003,-0.003,-0.01,-0.018,-0.025,-0.031,-0.033,-0.032,-0.026,-0.016,-0.004,0.008,0.02,0.03,0.037,0.042,0.045,0.047,0.048,0.047,0.045,0.041,0.034,0.026,0.016,0.007,0,-0.005,-0.007,-0.008,-0.009,-0.009,-0.009,-0.01,-0.01,-0.009,-0.008,-0.006,-0.005,-0.004,-0.003,-0.002,-0.002,-0.001,-0.001,-0.001,-0.001,-0.002,-0.002,-0.003,-0.004,-0.004,-0.005,-0.005,-0.006,-0.006,-0.005,-0.005,-0.005,-0.005,-0.006,-0.006,-0.005,-0.004,-0.003,-0.002,-0.002,-0.002,-0.001,0,0.001,0.001,0.002,0.003,0.004,0.004,0.004,0.004,0.004,0.004,0.003,0.003,0.002,0,-0.002,-0.003,-0.004,-0.005,-0.005,-0.006,-0.006,-0.006,-0.006,-0.007,-0.007,-0.006,-0.004,-0.003,-0.002,-0.001,0,0.001,0.002,0.003,0.003,0.004,0.004,0.005,0.005,0.006,0.006,0.006,0.006,0.005,0.005,0.004,0.003,0.002,0.001,0.001,0,0,-0.001,-0.002,-0.003,-0.004,-0.004,-0.005,-0.005,-0.006,-0.007,-0.007,-0.007,-0.006,-0.005,-0.005,-0.005,-0.005,-0.005,-0.005,-0.005,-0.004,-0.003,-0.002,-0.002,-0.002,-0.001,0,0.001,0.002,0.004,0.006,,,,,,,,,,,,,,,,,,,,,,,,,,,,,,,,,,,,,,,,,,,,,,, 
16000,75,0.001,0.001,0.001,0.001,0.001,0.001,0.001,0.001,0.001,0.001,0.001,0.001,0.002,0.002,0.002,0.001,0,0,0,0,0,0,0,-0.001,-0.001,-0.001,-0.001,-0.001,0,0,0,-0.001,-0.001,-0.001,-0.001,-0.001,-0.001,0,0,0.001,0.002,0.002,0.003,0.004,0.005,0.006,0.006,0.005,0.004,0.004,0.004,0.004,0.005,0.007,0.009,0.011,0.012,0.013,0.012,0.01,0.007,0.004,0,-0.003,-0.005,-0.007,-0.01,-0.012,-0.015,-0.017,-0.019,-0.021,-0.022,-0.021,-0.019,-0.017,-0.013,-0.007,-0.002,0.002,0.005,0.006,0.003,-0.001,-0.007,-0.011,-0.012,-0.01,-0.006,0,0.004,0.006,0.005,0.002,-0.004,-0.01,-0.016,-0.022,-0.026,-0.028,-0.027,-0.023,-0.015,-0.005,0.006,0.017,0.026,0.033,0.037,0.04,0.042,0.043,0.043,0.042,0.039,0.034,0.026,0.018,0.01,0.003,-0.002,-0.005,-0.006,-0.006,-0.005,-0.005,-0.004,-0.004,-0.003,-0.003,-0.002,-0.002,-0.001,-0.001,0,-0.001,-0.001,-0.002,-0.002,-0.003,-0.003,-0.004,-0.005,-0.007,-0.008,-0.01,-0.011,-0.011,-0.011,-0.01,-0.009,-0.007,-0.005,-0.004,-0.003,-0.003,-0.003,-0.003,-0.003,-0.002,-0.002,-0.001,-0.001,-0.001,0,0.001,0.002,0.003,0.004,0.004,0.004,0.004,0.004,0.005,0.005,0.004,0.003,0.002,0.001,0.001,0,-0.001,-0.001,-0.001,-0.001,-0.001,-0.001,-0.001,0,0,0.001,0.001,0.002,0.003,0.003,0.004,0.004,0.004,0.004,0.004,0.004,0.004,0.004,0.004,0.004,0.003,0.002,0.001,0,-0.002,-0.003,-0.003,-0.004,-0.005,-0.005,-0.006,-0.006,-0.006,-0.006,-0.006,-0.007,-0.007,-0.007,-0.007,-0.006,-0.006,-0.005,-0.005,-0.005,-0.004,-0.003,-0.003,-0.002,-0.002,-0.002,-0.001,-0.001,0,0.001,0.001,0.001,0.001,0.002,0.003,,,,,,,,,,,,,,,,,,,,,,,,,,,,,,,,,,,,,,,,,,,,,,, 
16000,70,-0.001,-0.001,-0.002,-0.002,-0.002,-0.002,-0.002,-0.002,-0.002,-0.002,-0.002,-0.001,0,0,0,0,-0.001,-0.001,0,0.001,0.001,0.001,0.001,0.001,0.002,0.002,0.002,0.002,0.001,0.001,0.002,0.002,0.003,0.004,0.004,0.004,0.004,0.003,0.002,0.002,0.001,0.002,0.002,0.002,0.003,0.003,0.003,0.002,0.001,0,-0.001,-0.001,0,0.001,0.003,0.005,0.007,0.008,0.009,0.009,0.007,0.004,0.001,-0.002,-0.005,-0.007,-0.008,-0.01,-0.012,-0.015,-0.017,-0.018,-0.019,-0.018,-0.018,-0.016,-0.013,-0.009,-0.003,0.003,0.008,0.011,0.012,0.011,0.006,-0.001,-0.007,-0.011,-0.012,-0.009,-0.004,0.002,0.006,0.007,0.006,0.002,-0.004,-0.01,-0.015,-0.019,-0.021,-0.021,-0.017,-0.011,-0.003,0.005,0.013,0.02,0.026,0.03,0.033,0.035,0.036,0.037,0.037,0.035,0.03,0.024,0.017,0.009,0.002,-0.003,-0.007,-0.01,-0.011,-0.011,-0.011,-0.011,-0.012,-0.011,-0.011,-0.01,-0.008,-0.006,-0.004,-0.002,-0.002,-0.002,-0.002,-0.002,-0.002,-0.002,-0.001,-0.001,-0.002,-0.002,-0.003,-0.004,-0.004,-0.004,-0.003,-0.003,-0.002,-0.001,-0.001,-0.001,-0.001,0,0,0.001,0.002,0.002,0.002,0.002,0.001,0.001,0.001,0.001,0.001,0.002,0.002,0.002,0.002,0.002,0.001,0.001,0.001,0,0,-0.001,-0.003,-0.005,-0.006,-0.007,-0.008,-0.008,-0.008,-0.008,-0.007,-0.006,-0.006,-0.005,-0.004,-0.003,-0.002,0,0.001,0.002,0.003,0.003,0.004,0.005,0.006,0.007,0.007,0.007,0.006,0.006,0.005,0.004,0.003,0.002,0.001,0,-0.002,-0.002,-0.002,-0.002,-0.002,-0.002,-0.002,-0.002,-0.001,-0.001,0,-0.001,-0.001,-0.001,-0.001,-0.001,-0.001,0,0,0,0,-0.001,-0.001,-0.001,-0.001,-0.001,-0.001,0,0,0.001,,,,,,,,,,,,,,,,,,,,,,,,,,,,,,,,,,,,,,,,,,,,,,, 
16000,65,0.001,0,-0.001,-0.001,-0.001,-0.001,-0.002,-0.002,-0.003,-0.003,-0.002,-0.002,-0.001,0,0.001,0.002,0.003,0.004,0.004,0.003,0.003,0.002,0.001,0.001,0.001,0.001,0.001,0,0,-0.001,-0.001,0,0.001,0.002,0.002,0.001,0,0,0,-0.001,-0.001,-0.001,0,0,0.001,0.002,0.002,0.002,0.002,0.001,0.001,0.001,0,0,0.001,0.002,0.004,0.006,0.009,0.01,0.01,0.009,0.007,0.004,0.002,0,-0.002,-0.004,-0.006,-0.008,-0.01,-0.012,-0.013,-0.013,-0.014,-0.014,-0.012,-0.01,-0.007,-0.003,0.001,0.006,0.009,0.01,0.009,0.005,0,-0.006,-0.011,-0.014,-0.014,-0.011,-0.006,-0.001,0.003,0.003,0.002,-0.001,-0.005,-0.01,-0.014,-0.017,-0.018,-0.016,-0.013,-0.007,0,0.007,0.012,0.017,0.021,0.024,0.026,0.028,0.029,0.03,0.029,0.026,0.022,0.016,0.009,0.003,-0.002,-0.006,-0.007,-0.008,-0.007,-0.006,-0.005,-0.005,-0.005,-0.006,-0.006,-0.006,-0.005,-0.003,-0.002,0,0,0,0,-0.001,-0.001,-0.002,-0.002,-0.003,-0.004,-0.004,-0.004,-0.003,-0.002,0,0,0,0,0,-0.001,0,0,0.001,0.001,0.002,0.003,0.004,0.004,0.004,0.004,0.003,0.002,0.002,0.001,0.001,0.001,0.001,0,-0.001,-0.002,-0.003,-0.003,-0.004,-0.004,-0.004,-0.004,-0.004,-0.004,-0.004,-0.005,-0.005,-0.005,-0.005,-0.005,-0.005,-0.004,-0.003,-0.002,-0.002,-0.002,-0.002,-0.002,-0.001,0,0.001,0.002,0.002,0.003,0.004,0.003,0.002,0.001,0.001,0.001,0.001,0.001,0,0,0,-0.001,-0.001,-0.001,-0.001,0,0,0,-0.001,-0.002,-0.002,-0.003,-0.003,-0.003,-0.002,-0.002,-0.001,-0.001,-0.001,-0.001,-0.001,-0.001,-0.001,0,0.001,0.002,0.004,0.005,0.005,,,,,,,,,,,,,,,,,,,,,,,,,,,,,,,,,,,,,,,,,,,,,,, 
16000,60,-0.005,-0.005,-0.005,-0.006,-0.006,-0.006,-0.005,-0.004,-0.003,-0.002,-0.001,-0.001,-0.001,-0.001,-0.001,-0.001,0,0.001,0.001,0.002,0.003,0.003,0.003,0.003,0.003,0.003,0.003,0.003,0.003,0.002,0.001,0.001,0,0.001,0.002,0.003,0.003,0.003,0.002,0.002,0.002,0.002,0.002,0.002,0.003,0.003,0.003,0.004,0.004,0.004,0.003,0.002,0.001,0.001,0,0,0,0.001,0.001,0.002,0.002,0.003,0.002,0.001,0,-0.001,-0.002,-0.003,-0.003,-0.004,-0.004,-0.006,-0.008,-0.011,-0.013,-0.014,-0.014,-0.012,-0.008,-0.004,0,0.005,0.009,0.012,0.013,0.012,0.01,0.006,0.002,-0.003,-0.008,-0.011,-0.012,-0.012,-0.009,-0.005,-0.002,0,0,-0.002,-0.005,-0.008,-0.011,-0.012,-0.011,-0.008,-0.005,-0.002,0.003,0.007,0.01,0.012,0.014,0.015,0.017,0.019,0.021,0.023,0.023,0.022,0.019,0.015,0.011,0.008,0.005,0.002,0.001,0.001,0.002,0.003,0.003,0.003,0.003,0.003,0.003,0.004,0.004,0.004,0.004,0.003,0.001,0,-0.001,-0.002,-0.004,-0.005,-0.007,-0.008,-0.01,-0.011,-0.011,-0.012,-0.012,-0.011,-0.011,-0.01,-0.01,-0.009,-0.008,-0.007,-0.006,-0.004,-0.003,-0.001,0,0,0,0,0,-0.001,-0.002,-0.002,-0.002,-0.002,0,0.001,0.002,0.003,0.003,0.003,0.004,0.005,0.007,0.008,0.008,0.006,0.004,0.002,0,-0.001,-0.001,-0.001,0,0.001,0.001,0.001,0.002,0.003,0.003,0.004,0.004,0.004,0.005,0.005,0.004,0.004,0.004,0.004,0.004,0.004,0.005,0.005,0.005,0.005,0.004,0.002,0,-0.001,-0.003,-0.005,-0.007,-0.008,-0.008,-0.008,-0.008,-0.007,-0.007,-0.006,-0.006,-0.005,-0.005,-0.005,-0.006,-0.006,-0.007,-0.007,-0.007,-0.006,-0.004,-0.003,-0.002,-0.001,-0.001,-0.001,,,,,,,,,,,,,,,,,,,,,,,,,,,,,,,,,,,,,,,,,,,,,,, 
16000,55,-0.002,-0.001,-0.001,-0.001,-0.001,-0.001,-0.001,-0.001,0,0,0,0,0,0,0,0.001,0.002,0.002,0.002,0.001,0.001,0.001,0.001,0.001,0,0,0,0,0.001,0.001,0.001,0,0,0,0,0.001,0.001,0.001,0.001,0.001,0.001,0.002,0.003,0.003,0.003,0.003,0.003,0.003,0.002,0.002,0.001,0,0,-0.001,-0.001,-0.002,-0.002,-0.001,0,0.001,0.003,0.004,0.006,0.006,0.006,0.004,0.003,0.001,-0.001,-0.002,-0.003,-0.004,-0.005,-0.006,-0.006,-0.007,-0.007,-0.008,-0.008,-0.008,-0.006,-0.003,0,0.004,0.007,0.009,0.01,0.009,0.006,0.002,-0.003,-0.008,-0.011,-0.013,-0.013,-0.012,-0.009,-0.007,-0.005,-0.003,-0.003,-0.003,-0.005,-0.006,-0.007,-0.007,-0.007,-0.005,-0.003,0,0.004,0.006,0.009,0.011,0.012,0.013,0.014,0.015,0.016,0.017,0.016,0.015,0.013,0.01,0.007,0.005,0.003,0.002,0.001,0,-0.001,-0.001,-0.001,0,0.001,0.002,0.001,0.001,0.001,0.001,0,0.001,0,0,-0.001,-0.002,-0.004,-0.004,-0.005,-0.005,-0.005,-0.005,-0.006,-0.006,-0.006,-0.006,-0.006,-0.005,-0.005,-0.004,-0.003,-0.003,-0.002,-0.002,-0.001,-0.001,0,0.001,0.001,0.001,0.001,0.001,0,0,0,0,0,0.001,0.001,0.002,0.002,0.002,0.002,0.002,0.001,0,-0.001,-0.002,-0.003,-0.004,-0.004,-0.005,-0.005,-0.005,-0.005,-0.004,-0.003,-0.001,0,0.001,0.001,0.002,0.003,0.004,0.005,0.005,0.005,0.005,0.005,0.005,0.005,0.006,0.006,0.007,0.006,0.005,0.004,0.002,0.001,0,-0.001,-0.001,-0.001,-0.001,-0.001,-0.002,-0.003,-0.003,-0.004,-0.004,-0.004,-0.003,-0.003,-0.004,-0.004,-0.005,-0.006,-0.006,-0.006,-0.005,-0.004,-0.002,-0.002,-0.001,,,,,,,,,,,,,,,,,,,,,,,,,,,,,,,,,,,,,,,,,,,,,,, 
16000,50,0,-0.001,-0.003,-0.005,-0.005,-0.005,-0.004,-0.003,-0.002,-0.002,-0.003,-0.003,-0.004,-0.003,-0.003,-0.002,-0.002,-0.001,0,0.001,0.001,0.002,0.003,0.003,0.003,0.003,0.003,0.003,0.003,0.003,0.003,0.003,0.003,0.002,0.001,0.001,0,-0.001,-0.001,-0.002,-0.002,-0.002,-0.002,-0.001,-0.001,-0.001,0,0.001,0.001,0.002,0.001,0.001,0.001,0.001,0.001,0.001,0.002,0.002,0.003,0.003,0.004,0.004,0.005,0.005,0.005,0.003,0.001,-0.001,-0.003,-0.004,-0.005,-0.005,-0.005,-0.004,-0.004,-0.004,-0.004,-0.005,-0.005,-0.007,-0.007,-0.007,-0.005,-0.002,0.001,0.003,0.006,0.007,0.007,0.006,0.004,0,-0.003,-0.007,-0.01,-0.013,-0.014,-0.014,-0.013,-0.01,-0.007,-0.004,-0.002,-0.001,0,0,0,0,0,0,0.002,0.004,0.006,0.008,0.009,0.011,0.012,0.014,0.016,0.017,0.017,0.017,0.016,0.014,0.012,0.01,0.007,0.005,0.003,0.002,0.001,0.001,0,0,0,0,0,-0.001,-0.001,-0.001,0,0.001,0.001,0,-0.001,-0.003,-0.006,-0.008,-0.009,-0.01,-0.01,-0.01,-0.01,-0.01,-0.01,-0.009,-0.009,-0.009,-0.009,-0.008,-0.008,-0.007,-0.006,-0.005,-0.003,-0.002,-0.002,-0.001,0,0,0.001,0.001,0.001,0.001,0,0.001,0.001,0.002,0.003,0.004,0.005,0.007,0.008,0.008,0.009,0.008,0.007,0.006,0.003,0.001,0,-0.002,-0.002,-0.003,-0.003,-0.003,-0.003,-0.002,-0.001,0,0.001,0.002,0.003,0.003,0.002,0.002,0.001,0.001,0.001,0,0,-0.001,-0.001,-0.001,-0.001,0,0,0.001,0.001,0.001,0.001,0.001,0.002,0.002,0.002,0.002,0.002,0.001,0.001,0,0,0,0,0,0,0,-0.001,-0.001,-0.001,-0.001,-0.001,-0.001,-0.002,-0.002,,,,,,,,,,,,,,,,,,,,,,,,,,,,,,,,,,,,,,,,,,,,,,, 
16000,45,0.002,0.001,0.001,0.001,0.001,0.001,0,0,-0.001,-0.002,-0.003,-0.003,-0.003,-0.003,-0.003,-0.002,-0.001,0,0,0,0,-0.001,-0.002,-0.002,-0.002,-0.001,-0.001,0,0,0,0,0,0,0,0,-0.001,-0.002,-0.003,-0.003,-0.003,-0.003,-0.003,-0.003,-0.003,-0.003,-0.002,-0.001,0,0.001,0.002,0.003,0.004,0.004,0.003,0.003,0.003,0.003,0.003,0.003,0.003,0.003,0.003,0.003,0.004,0.005,0.005,0.005,0.004,0.003,0.002,0,-0.001,-0.002,-0.002,-0.002,-0.002,-0.002,-0.002,-0.002,-0.003,-0.003,-0.003,-0.002,0,0.001,0.003,0.005,0.007,0.008,0.009,0.009,0.009,0.008,0.005,0.002,-0.003,-0.007,-0.01,-0.012,-0.012,-0.011,-0.009,-0.008,-0.007,-0.005,-0.004,-0.003,-0.002,-0.002,-0.002,-0.002,-0.002,-0.001,0,0.001,0.002,0.003,0.003,0.004,0.004,0.005,0.006,0.008,0.009,0.009,0.009,0.007,0.006,0.004,0.003,0.002,0.002,0.002,0.002,0.003,0.003,0.004,0.004,0.004,0.004,0.004,0.004,0.004,0.004,0.003,0.002,0.001,0,-0.001,-0.003,-0.004,-0.005,-0.006,-0.006,-0.007,-0.007,-0.008,-0.008,-0.008,-0.008,-0.007,-0.006,-0.005,-0.003,-0.002,-0.001,-0.001,0,0,0.001,0.002,0.003,0.005,0.006,0.006,0.006,0.006,0.005,0.005,0.005,0.004,0.004,0.005,0.005,0.005,0.005,0.004,0.004,0.004,0.004,0.003,0.002,0,-0.002,-0.003,-0.003,-0.004,-0.003,-0.003,-0.003,-0.003,-0.003,-0.003,-0.002,-0.002,-0.001,0,0.001,0.001,0.001,0.001,0.001,0,0,0,0.001,0.002,0.002,0.002,0.001,0,-0.001,-0.002,-0.003,-0.004,-0.004,-0.004,-0.005,-0.005,-0.006,-0.006,-0.006,-0.006,-0.005,-0.005,-0.005,-0.004,-0.003,-0.002,-0.001,-0.001,0,0,0.001,,,,,,,,,,,,,,,,,,,,,,,,,,,,,,,,,,,,,,,,,,,,,,, 
16000,40,-0.002,-0.002,-0.002,-0.002,-0.001,-0.001,0,0.001,0.002,0.003,0.003,0.004,0.004,0.005,0.004,0.004,0.003,0.002,0.002,0.002,0.003,0.003,0.003,0.002,0.001,0.001,0,0,-0.001,-0.001,-0.002,-0.002,-0.003,-0.002,-0.002,-0.001,-0.001,0,0,0,-0.001,0,0,0.001,0.001,0.001,0.001,0.002,0.002,0.003,0.003,0.003,0.003,0.003,0.002,0.002,0.001,0,-0.001,-0.001,-0.002,-0.001,-0.001,0,0,0.001,0.001,0.001,0.001,0,-0.001,-0.002,-0.003,-0.003,-0.003,-0.004,-0.004,-0.005,-0.005,-0.005,-0.005,-0.005,-0.004,-0.003,-0.002,-0.002,-0.001,0,0.001,0.002,0.003,0.005,0.006,0.007,0.006,0.005,0.004,0.001,-0.001,-0.004,-0.006,-0.007,-0.007,-0.006,-0.005,-0.003,-0.002,0,0.001,0.001,0.001,0.001,0,0,0,0,0.001,0.001,0.002,0.002,0.002,0.002,0.002,0.003,0.003,0.004,0.004,0.004,0.004,0.003,0.002,0.001,0.001,0,-0.001,-0.001,-0.001,0,0,0,0,0,0,-0.001,-0.001,-0.001,-0.001,0,0,0,-0.001,-0.002,-0.003,-0.005,-0.006,-0.007,-0.007,-0.007,-0.007,-0.006,-0.005,-0.005,-0.004,-0.004,-0.003,-0.002,-0.001,0,0.001,0.002,0.003,0.004,0.004,0.004,0.004,0.005,0.006,0.006,0.006,0.005,0.004,0.004,0.003,0.002,0.001,0.001,0.001,0.001,0.001,0.001,0.001,0,-0.001,-0.002,-0.003,-0.003,-0.003,-0.004,-0.004,-0.005,-0.006,-0.006,-0.006,-0.005,-0.004,-0.003,-0.002,-0.001,-0.001,0,0,0.001,0.001,0.002,0.003,0.004,0.005,0.005,0.005,0.005,0.005,0.005,0.004,0.004,0.003,0.002,0.001,0.001,0,-0.001,-0.001,-0.002,-0.002,-0.002,-0.002,-0.002,-0.002,-0.003,-0.003,-0.003,-0.003,-0.002,-0.002,-0.002,,,,,,,,,,,,,,,,,,,,,,,,,,,,,,,,,,,,,,,,,,,,,,, 
16000,35,-0.001,-0.001,0,0.001,0.001,0.002,0.002,0.001,0.001,0.001,0.001,0.001,0,-0.001,-0.001,-0.002,-0.002,-0.001,0,0.001,0.001,0.002,0.002,0.002,0.002,0.002,0.001,0.001,0,-0.001,-0.001,-0.002,-0.001,-0.001,0,0,0,0,0,-0.001,-0.001,-0.001,-0.001,-0.001,-0.001,-0.001,-0.002,-0.003,-0.004,-0.003,-0.002,-0.001,0,0,0.001,0.001,0.002,0.002,0.003,0.003,0.003,0.003,0.002,0.002,0.001,0.001,0.001,0.001,0.001,0.002,0.002,0.002,0.002,0.001,0,-0.001,-0.002,-0.003,-0.003,-0.004,-0.005,-0.005,-0.006,-0.006,-0.006,-0.005,-0.003,-0.002,0,0.001,0.002,0.003,0.004,0.004,0.004,0.004,0.004,0.003,0.002,0,-0.001,-0.003,-0.005,-0.006,-0.008,-0.008,-0.008,-0.007,-0.005,-0.003,-0.002,-0.001,0,0,0.001,0.002,0.003,0.004,0.005,0.006,0.007,0.006,0.006,0.005,0.005,0.005,0.005,0.005,0.005,0.005,0.005,0.005,0.004,0.003,0.002,0,-0.001,-0.001,-0.001,0,0.001,0.001,0.002,0.003,0.004,0.004,0.004,0.003,0.003,0.002,0.001,0.001,0,0,-0.001,-0.002,-0.003,-0.005,-0.007,-0.009,-0.01,-0.01,-0.01,-0.009,-0.008,-0.008,-0.007,-0.006,-0.005,-0.003,-0.002,0,0.001,0.001,0.002,0.002,0.002,0.002,0.002,0.002,0.002,0.002,0.002,0.002,0.001,0,0,0,0,0,0.001,0.001,0.001,0.001,0.001,0.002,0.002,0.002,0.002,0.002,0.002,0.002,0.002,0.002,0.001,0.001,0.001,0.001,0.001,0.002,0.002,0.002,0.002,0.002,0.002,0.003,0.003,0.003,0.002,0.002,0.002,0.001,0.001,0,0,-0.001,-0.001,-0.001,-0.001,-0.001,-0.001,-0.001,-0.002,-0.003,-0.002,-0.002,-0.002,-0.002,-0.003,-0.003,-0.004,-0.004,-0.004,-0.004,,,,,,,,,,,,,,,,,,,,,,,,,,,,,,,,,,,,,,,,,,,,,,, 
16000,30,0.002,0.001,0,-0.001,-0.002,-0.002,-0.002,-0.003,-0.003,-0.004,-0.004,-0.004,-0.005,-0.005,-0.005,-0.005,-0.004,-0.003,-0.002,-0.001,-0.001,0,0,0,-0.001,-0.001,0,0,0.001,0.003,0.004,0.004,0.004,0.004,0.004,0.004,0.004,0.004,0.003,0.003,0.003,0.003,0.003,0.003,0.003,0.003,0.003,0.003,0.003,0.003,0.003,0.003,0.003,0.003,0.003,0.002,0.001,0.001,0,0,0,0,-0.001,-0.001,-0.001,-0.002,-0.002,-0.002,-0.002,-0.003,-0.004,-0.003,-0.003,-0.002,-0.002,-0.002,-0.002,-0.002,-0.002,-0.002,-0.002,-0.001,-0.001,-0.001,-0.001,-0.002,-0.001,-0.001,0,0.001,0.001,0.001,0.001,0.001,0.001,0.002,0.002,0.003,0.003,0.003,0.002,0.001,-0.001,-0.002,-0.003,-0.003,-0.004,-0.004,-0.004,-0.004,-0.003,-0.002,-0.001,0,0,0.001,0.001,0.002,0.002,0.003,0.003,0.003,0.003,0.003,0.003,0.003,0.003,0.003,0.002,0.002,0.001,0,0,0,0,0,0,-0.001,-0.001,-0.002,-0.002,-0.003,-0.004,-0.004,-0.003,-0.002,-0.002,-0.001,0.001,0.002,0.003,0.003,0.003,0.003,0.002,0.002,0.002,0.002,0.002,0.002,0.002,0.002,0.001,0.001,0,-0.001,-0.001,-0.001,-0.001,0,0,0,0.001,0.001,0.001,0.001,0.002,0.003,0.004,0.005,0.005,0.005,0.006,0.006,0.006,0.005,0.005,0.004,0.003,0.002,0.001,0.001,0,0,0,0,-0.001,-0.001,-0.002,-0.003,-0.003,-0.003,-0.003,-0.004,-0.004,-0.005,-0.006,-0.006,-0.006,-0.006,-0.005,-0.005,-0.004,-0.002,-0.001,0,0,0,0,0,0,-0.001,-0.001,-0.002,-0.002,-0.002,-0.002,-0.001,-0.001,-0.001,-0.001,-0.001,-0.001,0,0,0,0,0,0,0,0,0,0,0,,,,,,,,,,,,,,,,,,,,,,,,,,,,,,,,,,,,,,,,,,,,,,, 
16000,25,-0.004,-0.003,-0.003,-0.002,-0.002,-0.001,0,0,0,0,0.001,0.001,0.001,0.001,0.002,0.003,0.003,0.003,0.002,0.001,0.001,0,0,-0.001,-0.001,0,0,0,-0.001,-0.001,-0.001,-0.001,0,0,0,0,0,0,0,0.001,0.001,0.001,0,0,-0.001,-0.001,-0.001,-0.001,-0.001,-0.001,-0.001,-0.001,0,0,0,0.001,0.001,0.001,0.001,0.001,0.002,0.003,0.003,0.003,0.003,0.003,0.003,0.002,0.002,0.002,0.003,0.003,0.003,0.002,0.002,0.002,0.002,0.002,0.002,0.002,0.001,0,-0.001,-0.002,-0.003,-0.003,-0.003,-0.003,-0.002,-0.002,-0.001,-0.001,-0.001,0,0,0.001,0.001,0.001,0.001,0.001,0,-0.001,-0.002,-0.003,-0.004,-0.005,-0.005,-0.006,-0.007,-0.008,-0.008,-0.009,-0.008,-0.008,-0.007,-0.006,-0.005,-0.004,-0.004,-0.003,-0.003,-0.002,-0.001,0,0.001,0.002,0.004,0.005,0.006,0.006,0.006,0.006,0.007,0.007,0.007,0.006,0.006,0.005,0.005,0.005,0.005,0.005,0.005,0.005,0.004,0.004,0.003,0.002,0.001,0.001,0,0,0,0,0,0,0,0.001,0.002,0.002,0.002,0.001,0,-0.001,-0.001,-0.002,-0.002,-0.003,-0.002,-0.002,-0.002,-0.002,-0.002,-0.002,-0.002,-0.002,-0.002,-0.002,-0.002,-0.001,-0.001,-0.001,-0.001,-0.001,0,0,0.001,0.002,0.002,0.002,0.001,0.001,0,0,0,0.001,0,0,-0.001,-0.001,-0.001,-0.001,-0.001,-0.002,-0.002,-0.002,-0.002,-0.002,-0.002,-0.002,-0.002,-0.002,-0.003,-0.003,-0.003,-0.003,-0.003,-0.002,-0.002,-0.002,-0.003,-0.003,-0.003,-0.003,-0.002,-0.002,-0.002,-0.002,-0.001,0,0.001,0.002,0.002,0.002,0.002,0.002,0.003,0.003,0.003,0.004,0.004,0.004,0.004,0.004,,,,,,,,,,,,,,,,,,,,,,,,,,,,,,,,,,,,,,,,,,,,,,, 
24000,90,0.001,0.001,0.001,0.001,0.001,0.002,0.002,0.002,0.003,0.003,0.003,0.003,0.003,0.002,0.002,0.003,0.003,0.003,0.003,0.003,0.003,0.003,0.003,0.003,0.002,0.001,0,-0.001,-0.001,-0.001,-0.002,-0.002,-0.003,-0.003,-0.002,-0.002,-0.001,0,0.002,0.003,0.004,0.003,0.003,0.002,0.001,0,0,-0.001,0,0,0.002,0.005,0.008,0.012,0.015,0.017,0.016,0.013,0.008,0.002,-0.005,-0.012,-0.018,-0.023,-0.027,-0.029,-0.03,-0.029,-0.028,-0.026,-0.023,-0.019,-0.015,-0.01,-0.006,-0.002,0.002,0.006,0.01,0.015,0.02,0.022,0.021,0.017,0.012,0.007,0.003,0.001,0,-0.001,-0.003,-0.007,-0.012,-0.017,-0.022,-0.025,-0.026,-0.025,-0.022,-0.017,-0.009,0,0.009,0.017,0.024,0.029,0.031,0.033,0.034,0.036,0.038,0.038,0.037,0.034,0.029,0.022,0.014,0.005,-0.002,-0.008,-0.011,-0.012,-0.012,-0.011,-0.008,-0.006,-0.004,-0.002,0,0,0,-0.001,-0.001,-0.002,-0.002,-0.002,-0.003,-0.005,-0.007,-0.009,-0.011,-0.012,-0.013,-0.013,-0.013,-0.013,-0.013,-0.012,-0.01,-0.007,-0.005,-0.002,0.001,0.004,0.007,0.009,0.011,0.012,0.013,0.013,0.012,0.01,0.008,0.006,0.003,0.001,-0.001,-0.002,-0.003,-0.004,-0.005,-0.005,-0.005,-0.005,-0.006,-0.006,-0.007,-0.007,-0.007,-0.007,-0.006,-0.006,-0.006,-0.006,-0.005,-0.004,-0.002,-0.001,-0.001,0,0,0,0,0.001,0.002,0.004,0.005,0.006,0.006,0.007,0.007,0.007,0.007,0.006,0.006,0.005,0.004,0.003,0.002,0,-0.002,-0.003,-0.005,-0.006,-0.006,-0.006,-0.005,-0.005,-0.004,-0.004,-0.003,-0.002,-0.002,-0.001,-0.001,-0.002,-0.002,-0.002,-0.003,-0.003,-0.004,-0.004,-0.003,-0.003,-0.002,-0.002,-0.002,-0.001,-0.001,-0.001,0,0,0.001,0.002,,,,,,,,,,,,,,,,,,,,,,,,,,,,,,,,,,,,,,,,,,,,,,, 
24000,85,-0.003,-0.003,-0.002,-0.001,-0.001,0,0.001,0.002,0.003,0.003,0.003,0.002,0.002,0.001,0.001,0.001,0,0,-0.001,-0.002,-0.002,-0.002,-0.001,-0.001,0,0,0,-0.001,-0.001,-0.001,-0.001,0,0,0.001,0.001,0.001,0.002,0.003,0.003,0.004,0.005,0.005,0.005,0.004,0.004,0.003,0.002,0.001,0.001,0.001,0.002,0.004,0.007,0.01,0.014,0.017,0.018,0.017,0.013,0.008,0,-0.007,-0.014,-0.02,-0.024,-0.025,-0.025,-0.024,-0.023,-0.021,-0.019,-0.017,-0.014,-0.009,-0.005,0,0.005,0.009,0.012,0.015,0.016,0.016,0.014,0.011,0.007,0.003,0.001,0,0,0.002,0.002,0,-0.005,-0.011,-0.017,-0.021,-0.024,-0.025,-0.025,-0.022,-0.018,-0.012,-0.005,0.003,0.01,0.016,0.02,0.023,0.024,0.026,0.027,0.028,0.029,0.03,0.029,0.026,0.022,0.016,0.01,0.004,-0.001,-0.004,-0.006,-0.006,-0.005,-0.004,-0.002,0,0.001,0.002,0.001,0.001,0,-0.001,-0.002,-0.003,-0.004,-0.005,-0.006,-0.008,-0.009,-0.012,-0.014,-0.016,-0.017,-0.018,-0.017,-0.015,-0.013,-0.011,-0.008,-0.005,-0.002,0.001,0.003,0.006,0.007,0.009,0.01,0.011,0.01,0.009,0.007,0.005,0.003,0.001,-0.001,-0.003,-0.003,-0.003,-0.003,-0.002,-0.003,-0.004,-0.005,-0.006,-0.006,-0.007,-0.007,-0.006,-0.005,-0.004,-0.002,0,0.002,0.003,0.004,0.004,0.005,0.005,0.006,0.006,0.006,0.005,0.005,0.004,0.004,0.003,0.003,0.003,0.003,0.003,0.003,0.002,0.001,0,-0.001,-0.002,-0.002,-0.002,-0.002,-0.003,-0.003,-0.004,-0.004,-0.005,-0.006,-0.006,-0.007,-0.007,-0.006,-0.006,-0.006,-0.005,-0.005,-0.004,-0.003,-0.002,-0.001,0,0.001,0.001,0.001,0.001,0.001,0.002,0.002,0.003,0.003,0.003,0.003,0.003,0.003,0.003,,,,,,,,,,,,,,,,,,,,,,,,,,,,,,,,,,,,,,,,,,,,,,, 
24000,80,-0.002,-0.002,-0.002,-0.001,-0.001,0,0,0,0.001,0.002,0.002,0.003,0.003,0.003,0.003,0.003,0.003,0.003,0.002,0.001,0,0,0,0.001,0.001,0.002,0.002,0.001,0.001,0.001,0,0,0,0,0.001,0.002,0.003,0.004,0.005,0.006,0.006,0.006,0.005,0.004,0.002,0.002,0.001,0.001,0,-0.001,-0.002,-0.001,0,0.002,0.005,0.008,0.01,0.01,0.01,0.007,0.003,-0.002,-0.008,-0.013,-0.017,-0.02,-0.022,-0.022,-0.021,-0.019,-0.017,-0.015,-0.013,-0.01,-0.007,-0.004,0,0.005,0.01,0.014,0.016,0.015,0.013,0.009,0.005,0.001,-0.003,-0.006,-0.008,-0.008,-0.007,-0.004,-0.003,-0.002,-0.003,-0.006,-0.01,-0.013,-0.016,-0.018,-0.017,-0.015,-0.01,-0.004,0.002,0.008,0.014,0.018,0.022,0.024,0.024,0.024,0.024,0.023,0.021,0.019,0.015,0.011,0.006,0.002,-0.002,-0.004,-0.006,-0.007,-0.007,-0.005,-0.004,-0.001,0.002,0.004,0.006,0.007,0.007,0.007,0.006,0.005,0.003,0.002,0,-0.001,-0.002,-0.004,-0.007,-0.01,-0.013,-0.015,-0.016,-0.017,-0.017,-0.015,-0.013,-0.011,-0.009,-0.006,-0.004,-0.001,0.001,0.003,0.006,0.008,0.009,0.01,0.011,0.011,0.01,0.008,0.006,0.005,0.004,0.004,0.005,0.004,0.003,0.002,0.001,-0.001,-0.003,-0.005,-0.007,-0.009,-0.01,-0.01,-0.01,-0.009,-0.007,-0.005,-0.003,-0.001,0.001,0.002,0.003,0.003,0.003,0.003,0.003,0.003,0.002,0.002,0.001,0.001,0,-0.001,-0.001,-0.001,-0.001,-0.002,-0.002,-0.002,-0.002,-0.002,-0.002,-0.001,-0.001,-0.001,-0.001,-0.001,-0.002,-0.003,-0.004,-0.004,-0.004,-0.004,-0.003,-0.002,-0.002,-0.001,0,0,0.001,0.002,0.003,0.003,0.003,0.003,0.003,0.003,0.003,0.003,0.003,0.002,0.001,0.001,0,0,,,,,,,,,,,,,,,,,,,,,,,,,,,,,,,,,,,,,,,,,,,,,,, 
24000,75,-0.002,-0.001,-0.001,0,0,0,0,0,0,0.001,0.001,0.001,0.001,0.001,0.001,0.001,0.001,0.001,0.002,0.001,0.001,0,0,0,0.001,0.001,0.002,0.002,0.003,0.003,0.003,0.003,0.002,0.001,0.001,0.001,0.001,0.001,0.001,0.001,0.002,0.002,0.002,0.002,0.002,0.002,0.001,0.001,0.001,0,0,0.001,0.001,0.002,0.004,0.006,0.008,0.01,0.011,0.01,0.007,0.003,-0.003,-0.008,-0.012,-0.015,-0.017,-0.018,-0.017,-0.017,-0.015,-0.014,-0.013,-0.011,-0.008,-0.006,-0.002,0.001,0.005,0.009,0.012,0.015,0.015,0.013,0.01,0.006,0.001,-0.004,-0.007,-0.009,-0.01,-0.009,-0.007,-0.005,-0.003,-0.002,-0.002,-0.003,-0.005,-0.007,-0.008,-0.009,-0.008,-0.006,-0.003,0.002,0.006,0.01,0.014,0.017,0.019,0.02,0.021,0.021,0.021,0.019,0.017,0.014,0.01,0.006,0.002,-0.001,-0.003,-0.005,-0.005,-0.005,-0.004,-0.003,-0.001,0.001,0.003,0.004,0.004,0.005,0.004,0.003,0.002,0.001,0,0,-0.001,-0.002,-0.004,-0.005,-0.007,-0.01,-0.012,-0.015,-0.016,-0.017,-0.016,-0.015,-0.013,-0.01,-0.008,-0.005,-0.003,-0.002,0,0.001,0.004,0.006,0.008,0.009,0.01,0.011,0.01,0.01,0.009,0.008,0.007,0.006,0.006,0.005,0.004,0.004,0.003,0.002,0.001,0,-0.001,-0.001,-0.001,-0.001,-0.001,-0.002,-0.002,-0.002,-0.001,0,0.001,0.003,0.004,0.005,0.005,0.004,0.003,0.002,0.001,0,-0.001,-0.002,-0.002,-0.002,-0.002,-0.002,-0.003,-0.004,-0.004,-0.005,-0.005,-0.005,-0.004,-0.003,-0.002,-0.001,-0.001,-0.001,-0.002,-0.002,-0.003,-0.003,-0.004,-0.004,-0.004,-0.004,-0.004,-0.003,-0.003,-0.003,-0.002,-0.003,-0.003,-0.002,-0.002,-0.002,-0.002,-0.002,-0.002,-0.002,-0.002,-0.002,-0.002,-0.001,,,,,,,,,,,,,,,,,,,,,,,,,,,,,,,,,,,,,,,,,,,,,,, 
24000,70,0.001,0,0,-0.001,-0.002,-0.002,-0.002,-0.002,-0.001,-0.001,0,0,0,0,0,0,0.001,0.001,0.002,0.001,0.001,0,0,0,0,0,0,0.001,0.001,0.001,0.001,0.001,0.001,0,0.001,0.001,0.002,0.002,0.002,0.002,0.002,0.002,0.002,0.002,0.001,0.001,0.001,0.001,0.001,0.001,0.001,0.001,0.001,0.002,0.003,0.005,0.007,0.009,0.01,0.01,0.009,0.007,0.004,0,-0.004,-0.008,-0.012,-0.014,-0.015,-0.015,-0.015,-0.013,-0.012,-0.01,-0.008,-0.007,-0.005,-0.003,0,0.003,0.006,0.009,0.01,0.011,0.01,0.008,0.004,0,-0.003,-0.005,-0.007,-0.008,-0.008,-0.008,-0.007,-0.006,-0.005,-0.004,-0.003,-0.002,-0.001,-0.001,-0.002,-0.002,-0.002,-0.001,0.001,0.003,0.006,0.008,0.011,0.013,0.016,0.018,0.019,0.019,0.019,0.018,0.015,0.011,0.006,0.002,-0.002,-0.005,-0.007,-0.007,-0.008,-0.007,-0.007,-0.006,-0.004,-0.003,-0.001,0.001,0.003,0.004,0.004,0.003,0.002,0.001,0,0,-0.001,-0.002,-0.004,-0.006,-0.009,-0.011,-0.013,-0.014,-0.015,-0.014,-0.013,-0.011,-0.009,-0.007,-0.006,-0.005,-0.003,-0.001,0.001,0.003,0.004,0.006,0.007,0.007,0.008,0.008,0.008,0.007,0.007,0.007,0.006,0.006,0.005,0.004,0.003,0.002,0.001,0,-0.002,-0.003,-0.003,-0.004,-0.004,-0.004,-0.004,-0.004,-0.004,-0.004,-0.003,-0.003,-0.002,-0.002,-0.001,-0.001,-0.001,-0.001,0,0.001,0.002,0.003,0.003,0.003,0.002,0.002,0.002,0.002,0.002,0.002,0.003,0.003,0.003,0.003,0.002,0.002,0.001,0.001,0,-0.001,-0.001,-0.002,-0.002,-0.002,-0.002,-0.002,-0.002,-0.002,-0.002,-0.002,-0.001,-0.001,-0.001,-0.001,-0.001,-0.001,-0.001,-0.001,0,0.001,0.001,0.001,0.001,0,,,,,,,,,,,,,,,,,,,,,,,,,,,,,,,,,,,,,,,,,,,,,,, 
24000,65,-0.001,-0.001,-0.001,-0.002,-0.002,-0.002,-0.001,-0.001,0,0,0.001,0.001,0.001,0.002,0.002,0.002,0.003,0.004,0.004,0.003,0.003,0.002,0.002,0.002,0.002,0.002,0.002,0.002,0.002,0.001,0.001,0,-0.001,-0.001,0,0,0,0,0,-0.001,-0.001,-0.001,-0.001,0,0.001,0.001,0.001,0,-0.001,-0.002,-0.003,-0.003,-0.003,-0.003,-0.003,-0.003,-0.002,0,0.001,0.003,0.004,0.004,0.003,0.002,0,-0.002,-0.004,-0.006,-0.007,-0.008,-0.008,-0.007,-0.005,-0.003,-0.002,0,0.001,0.001,0.003,0.004,0.006,0.009,0.011,0.012,0.011,0.01,0.007,0.003,-0.001,-0.005,-0.007,-0.01,-0.011,-0.012,-0.013,-0.013,-0.012,-0.012,-0.01,-0.009,-0.007,-0.005,-0.004,-0.002,-0.002,-0.001,-0.001,0,0.001,0.002,0.003,0.005,0.006,0.008,0.011,0.013,0.015,0.017,0.017,0.017,0.016,0.015,0.013,0.01,0.007,0.004,0.001,0,-0.001,-0.001,-0.001,0,0.001,0.002,0.004,0.005,0.006,0.006,0.005,0.004,0.003,0.002,0.001,-0.001,-0.003,-0.006,-0.009,-0.012,-0.014,-0.016,-0.017,-0.017,-0.017,-0.017,-0.016,-0.014,-0.012,-0.01,-0.008,-0.007,-0.005,-0.003,-0.002,0,0.001,0.002,0.003,0.005,0.006,0.008,0.009,0.01,0.01,0.01,0.01,0.01,0.009,0.008,0.007,0.006,0.004,0.003,0.002,0.002,0.001,0,-0.001,-0.002,-0.003,-0.004,-0.005,-0.006,-0.006,-0.005,-0.004,-0.003,-0.002,-0.002,-0.002,-0.002,-0.002,-0.001,-0.001,0,0,0,0,-0.001,-0.001,0,0.001,0.002,0.003,0.004,0.003,0.002,0,-0.001,-0.001,-0.001,0,0.001,0.001,0.001,0.001,0.001,0,0,0,0,0,0,-0.001,-0.001,-0.002,-0.002,-0.003,-0.002,-0.002,-0.001,-0.001,-0.001,-0.001,-0.002,,,,,,,,,,,,,,,,,,,,,,,,,,,,,,,,,,,,,,,,,,,,,,, 
24000,60,-0.002,-0.002,-0.001,0,0,0,0,0.001,0.001,0.002,0.002,0.003,0.003,0.003,0.002,0.002,0.002,0.002,0.002,0.003,0.003,0.003,0.003,0.002,0.001,0.001,0,0,0,0,0,0,-0.001,-0.001,0,0,0,-0.001,-0.001,-0.001,-0.001,0,0,0,0,0,0,0,0.001,0.001,0.001,0.001,0.001,0.001,0.001,0.001,0.001,0.002,0.004,0.005,0.006,0.006,0.005,0.004,0.003,0.001,-0.002,-0.005,-0.007,-0.008,-0.01,-0.01,-0.01,-0.01,-0.009,-0.009,-0.008,-0.007,-0.006,-0.004,-0.001,0.001,0.003,0.005,0.006,0.006,0.007,0.006,0.005,0.002,0,-0.003,-0.005,-0.007,-0.007,-0.007,-0.007,-0.006,-0.006,-0.005,-0.005,-0.005,-0.005,-0.004,-0.003,-0.001,0.001,0.002,0.003,0.005,0.006,0.007,0.008,0.008,0.009,0.009,0.01,0.011,0.012,0.012,0.012,0.011,0.009,0.007,0.005,0.002,0,-0.002,-0.003,-0.004,-0.004,-0.004,-0.004,-0.003,-0.001,0,0.002,0.004,0.006,0.006,0.007,0.006,0.006,0.005,0.003,0.002,0,-0.001,-0.002,-0.004,-0.006,-0.008,-0.01,-0.011,-0.012,-0.013,-0.013,-0.012,-0.01,-0.008,-0.006,-0.005,-0.003,-0.002,0,0.001,0.001,0.002,0.002,0.003,0.003,0.004,0.004,0.005,0.006,0.006,0.005,0.005,0.006,0.005,0.005,0.004,0.003,0.002,0.001,0.001,0,0,0,0,0,0,-0.001,-0.001,-0.002,-0.002,-0.002,-0.001,0,0.001,0.001,0.001,0.001,0.001,0.001,0.001,0.001,0.002,0.002,0.002,0.002,0.002,0.003,0.003,0.003,0.003,0.003,0.002,0.001,0,-0.001,-0.002,-0.003,-0.004,-0.005,-0.005,-0.005,-0.005,-0.006,-0.006,-0.006,-0.006,-0.006,-0.006,-0.006,-0.005,-0.004,-0.003,-0.002,-0.001,0,0.001,0.001,0.002,,,,,,,,,,,,,,,,,,,,,,,,,,,,,,,,,,,,,,,,,,,,,,, 
24000,55,0,0,0.001,0.001,0.002,0.002,0.002,0.002,0.002,0.001,0.001,0.001,0.001,0.001,0.002,0.002,0.003,0.003,0.003,0.002,0.001,0,0,0,0.001,0.002,0.003,0.003,0.004,0.004,0.004,0.003,0.003,0.002,0.002,0.001,0,0,-0.001,-0.002,-0.002,-0.003,-0.003,-0.003,-0.003,-0.003,-0.003,-0.002,-0.001,-0.001,-0.001,-0.001,-0.001,-0.001,-0.001,-0.001,-0.001,0,0.001,0.002,0.004,0.005,0.005,0.004,0.003,0.002,0,-0.001,-0.003,-0.004,-0.005,-0.006,-0.006,-0.006,-0.006,-0.005,-0.004,-0.004,-0.003,-0.002,-0.001,0,0.002,0.004,0.006,0.007,0.008,0.008,0.007,0.005,0.002,0,-0.003,-0.005,-0.006,-0.007,-0.008,-0.008,-0.009,-0.009,-0.009,-0.008,-0.007,-0.006,-0.004,-0.003,-0.002,-0.001,0,0.001,0.002,0.003,0.004,0.005,0.005,0.006,0.007,0.008,0.01,0.011,0.011,0.012,0.012,0.011,0.01,0.008,0.006,0.004,0.001,-0.001,-0.003,-0.004,-0.005,-0.006,-0.006,-0.005,-0.004,-0.003,-0.002,0,0.001,0.001,0.002,0.003,0.003,0.002,0.001,-0.001,-0.002,-0.003,-0.004,-0.005,-0.007,-0.008,-0.009,-0.01,-0.011,-0.011,-0.01,-0.009,-0.009,-0.007,-0.006,-0.004,-0.001,0.001,0.002,0.003,0.003,0.003,0.003,0.004,0.004,0.005,0.005,0.006,0.006,0.007,0.007,0.008,0.007,0.006,0.005,0.004,0.003,0.002,0.001,0,-0.001,-0.002,-0.003,-0.003,-0.004,-0.004,-0.004,-0.005,-0.005,-0.005,-0.005,-0.005,-0.005,-0.005,-0.004,-0.003,-0.002,-0.001,0.001,0.002,0.004,0.005,0.006,0.006,0.006,0.005,0.004,0.003,0.003,0.002,0.002,0.002,0.001,0,0,-0.001,-0.002,-0.002,-0.002,-0.002,-0.002,-0.002,-0.002,-0.002,-0.002,-0.001,-0.001,0,0,-0.001,-0.001,-0.002,-0.002,-0.001,-0.001,-0.001,,,,,,,,,,,,,,,,,,,,,,,,,,,,,,,,,,,,,,,,,,,,,,, 
24000,50,0.001,0.001,0,0,0,-0.001,-0.001,-0.001,-0.001,-0.002,-0.002,-0.002,-0.002,-0.002,-0.002,-0.002,-0.002,-0.003,-0.002,-0.002,-0.002,-0.002,-0.001,-0.001,-0.001,-0.001,-0.001,-0.001,-0.001,0,0,0.001,0.001,0.002,0.003,0.003,0.004,0.004,0.004,0.004,0.004,0.004,0.004,0.004,0.003,0.003,0.003,0.003,0.003,0.003,0.003,0.002,0.001,-0.001,-0.002,-0.003,-0.004,-0.004,-0.004,-0.003,-0.002,-0.001,-0.001,0,0.001,0.001,0.001,0,-0.001,-0.002,-0.003,-0.005,-0.005,-0.005,-0.005,-0.004,-0.004,-0.003,-0.003,-0.003,-0.002,-0.001,0,0.001,0.002,0.004,0.005,0.007,0.008,0.008,0.008,0.007,0.005,0.002,0,-0.002,-0.004,-0.005,-0.005,-0.006,-0.007,-0.007,-0.007,-0.007,-0.006,-0.006,-0.005,-0.004,-0.003,-0.001,-0.001,0,0,0.001,0,0,0,0.001,0.001,0.002,0.003,0.004,0.005,0.006,0.007,0.008,0.008,0.008,0.007,0.005,0.003,0.002,0.002,0.002,0.002,0.001,0,-0.001,-0.002,-0.002,-0.002,-0.001,0,0.001,0.002,0.003,0.003,0.003,0.002,0.001,0,0,-0.001,-0.002,-0.002,-0.003,-0.003,-0.004,-0.004,-0.004,-0.004,-0.004,-0.003,-0.002,0,0.001,0.002,0.002,0.003,0.003,0.004,0.004,0.003,0.003,0.002,0.001,0,0,0,0.001,0.002,0.002,0.002,0.002,0.001,0,0,-0.001,-0.001,-0.002,-0.003,-0.004,-0.005,-0.005,-0.005,-0.004,-0.004,-0.005,-0.005,-0.005,-0.005,-0.005,-0.005,-0.004,-0.003,-0.003,-0.003,-0.002,-0.002,-0.001,0,0.001,0.001,0.002,0.003,0.003,0.003,0.003,0.003,0.002,0.002,0.002,0.003,0.003,0.004,0.004,0.004,0.004,0.003,0.002,0.002,0.002,0.002,0.002,0.002,0.001,0,-0.001,-0.002,-0.003,-0.003,-0.003,-0.003,-0.002,,,,,,,,,,,,,,,,,,,,,,,,,,,,,,,,,,,,,,,,,,,,,,, 
24000,45,-0.001,-0.001,0,0.001,0.002,0.003,0.003,0.002,0.002,0.001,0,-0.001,-0.002,-0.002,-0.002,-0.002,-0.001,-0.001,0,0,0.001,0,0,-0.001,-0.002,-0.002,-0.002,-0.002,-0.001,0,0,0,0,0,0.001,0.001,0.001,0.001,0,-0.001,-0.001,-0.001,-0.001,-0.001,-0.001,-0.001,-0.001,-0.002,-0.002,-0.002,-0.003,-0.002,-0.002,-0.002,-0.001,0,0,0,0,0,0.001,0.002,0.004,0.005,0.006,0.006,0.005,0.005,0.004,0.003,0.002,0.001,0,-0.001,-0.002,-0.003,-0.004,-0.004,-0.005,-0.004,-0.003,-0.003,-0.002,-0.001,0,0.001,0.002,0.003,0.005,0.006,0.007,0.007,0.007,0.006,0.004,0.003,0.001,0,-0.002,-0.003,-0.004,-0.004,-0.005,-0.005,-0.005,-0.005,-0.005,-0.005,-0.006,-0.006,-0.006,-0.005,-0.004,-0.003,-0.002,-0.001,-0.001,0,0.001,0.002,0.003,0.005,0.006,0.007,0.007,0.008,0.008,0.008,0.008,0.007,0.005,0.004,0.002,0,-0.001,-0.001,-0.001,-0.001,-0.001,-0.001,0,0,0.001,0.002,0.002,0.002,0.002,0.002,0.003,0.003,0.003,0.002,0.001,0.001,-0.001,-0.002,-0.003,-0.004,-0.005,-0.005,-0.005,-0.005,-0.005,-0.004,-0.004,-0.003,-0.002,-0.001,-0.001,-0.001,-0.001,0,0.001,0.002,0.003,0.003,0.004,0.004,0.004,0.004,0.005,0.005,0.005,0.005,0.004,0.004,0.004,0.003,0.003,0.003,0.003,0.004,0.003,0.003,0.002,0.001,0,-0.001,-0.002,-0.003,-0.003,-0.003,-0.003,-0.003,-0.003,-0.003,-0.003,-0.003,-0.002,-0.002,-0.002,-0.002,-0.002,-0.002,-0.002,-0.002,-0.002,-0.002,-0.002,-0.002,-0.002,-0.002,-0.001,-0.001,-0.001,-0.002,-0.002,-0.002,-0.002,-0.002,-0.002,-0.002,-0.002,-0.002,-0.002,-0.002,-0.002,-0.001,0,0,0.001,0.001,0,0,,,,,,,,,,,,,,,,,,,,,,,,,,,,,,,,,,,,,,,,,,,,,,, 
24000,40,-0.002,-0.002,-0.001,-0.001,-0.001,-0.002,-0.002,-0.002,-0.003,-0.004,-0.004,-0.005,-0.005,-0.005,-0.004,-0.004,-0.003,-0.002,-0.002,-0.001,0,0.001,0.002,0.002,0.002,0.001,0.002,0.002,0.002,0.001,0.001,0,0,0,0.001,0.001,0.001,0,0,0,0,0,0,0.001,0.001,0.002,0.002,0.002,0.002,0.002,0.002,0.001,0.001,0.001,0.001,0.001,0.002,0.002,0.002,0.001,0.001,0,0,0.001,0.001,0.001,0.001,0.001,0.001,0,0,-0.001,-0.001,-0.002,-0.002,-0.002,-0.002,-0.002,-0.002,-0.002,-0.002,-0.002,-0.002,-0.002,-0.002,-0.001,0,0.001,0.002,0.003,0.003,0.003,0.002,0.001,0,0,0,-0.001,-0.001,-0.001,-0.002,-0.003,-0.003,-0.003,-0.004,-0.004,-0.004,-0.004,-0.004,-0.004,-0.004,-0.003,-0.002,-0.001,0,0.001,0.002,0.002,0.002,0.002,0.001,0.001,0.001,0.001,0.001,0.001,0.002,0.002,0.003,0.003,0.003,0.003,0.002,0.002,0.001,0.001,0.001,0.001,0.001,0.001,0.001,0.001,0.001,0.001,0.001,0.001,0.002,0.002,0.003,0.003,0.003,0.003,0.003,0.003,0.003,0.003,0.002,0.002,0.001,0.001,0,-0.001,-0.002,-0.003,-0.004,-0.004,-0.005,-0.005,-0.005,-0.004,-0.003,-0.002,-0.001,-0.001,-0.001,-0.001,-0.001,0,0.002,0.002,0.002,0.002,0.002,0.002,0.002,0.002,0.001,0.001,0.002,0.002,0.003,0.003,0.002,0.002,0.002,0.001,0.001,0,0,0,0,0,-0.001,-0.001,-0.002,-0.002,-0.003,-0.003,-0.003,-0.003,-0.002,-0.002,-0.001,-0.001,-0.001,-0.001,-0.002,-0.002,-0.002,-0.002,-0.001,0,0.001,0.001,0.002,0.002,0.002,0.002,0.002,0.002,0.002,0.002,0.003,0.003,0.002,0.002,0.001,0,-0.001,-0.001,-0.001,-0.001,-0.001,-0.002,,,,,,,,,,,,,,,,,,,,,,,,,,,,,,,,,,,,,,,,,,,,,,, 
24000,35,0.001,0,-0.001,-0.002,-0.003,-0.003,-0.004,-0.004,-0.003,-0.003,-0.004,-0.004,-0.004,-0.004,-0.004,-0.003,-0.003,-0.002,-0.002,-0.001,-0.001,0,0,0,-0.001,-0.001,-0.001,-0.002,-0.001,-0.001,0,0,0.001,0.002,0.003,0.003,0.003,0.002,0.002,0.001,0.001,0.001,0.002,0.003,0.003,0.003,0.004,0.004,0.004,0.004,0.004,0.003,0.003,0.002,0.002,0.001,0.001,0.001,0.001,0.001,0.001,0,-0.001,-0.001,-0.002,-0.002,-0.002,-0.002,-0.002,-0.001,-0.001,0,0,-0.001,-0.001,-0.002,-0.003,-0.004,-0.004,-0.004,-0.003,-0.003,-0.004,-0.004,-0.004,-0.003,-0.002,-0.001,0.001,0.002,0.004,0.005,0.007,0.007,0.007,0.007,0.006,0.006,0.005,0.004,0.004,0.004,0.004,0.003,0.002,0.001,0,-0.001,-0.001,-0.001,-0.002,-0.002,-0.003,-0.003,-0.003,-0.002,-0.001,-0.001,0,0,-0.001,-0.002,-0.002,-0.003,-0.003,-0.002,-0.002,-0.001,-0.001,-0.002,-0.002,-0.003,-0.003,-0.003,-0.003,-0.003,-0.003,-0.003,-0.003,-0.003,-0.002,-0.001,0,0.001,0.002,0.003,0.004,0.004,0.005,0.005,0.006,0.007,0.008,0.008,0.007,0.006,0.005,0.004,0.004,0.005,0.005,0.005,0.005,0.004,0.003,0.002,0.001,-0.001,-0.002,-0.003,-0.003,-0.003,-0.003,-0.004,-0.004,-0.004,-0.004,-0.004,-0.004,-0.004,-0.004,-0.004,-0.004,-0.004,-0.003,-0.003,-0.003,-0.003,-0.004,-0.004,-0.004,-0.003,-0.002,-0.001,0,0,0.001,0.001,0.001,0.001,0.002,0.003,0.003,0.003,0.003,0.004,0.004,0.004,0.004,0.003,0.003,0.002,0.001,0,-0.001,-0.001,0,0,0.001,0.001,0,-0.001,-0.001,-0.002,-0.001,0,0.001,0.002,0.003,0.003,0.002,0.002,0.002,0.001,0.001,0,-0.001,-0.002,-0.003,-0.004,-0.005,-0.006,-0.006,-0.006,,,,,,,,,,,,,,,,,,,,,,,,,,,,,,,,,,,,,,,,,,,,,,, 
24000,30,-0.001,-0.001,-0.001,-0.001,-0.001,0,0,0,0,0.001,0.001,0.001,0.001,0.001,0.001,0.001,0.002,0.002,0.002,0.002,0.001,0.001,0.001,0.001,0.001,0.001,0.001,0.001,0.001,0,0,-0.001,-0.002,-0.002,-0.001,-0.001,-0.001,-0.001,-0.001,-0.001,-0.001,0,0,0,0,0,-0.001,-0.001,-0.001,-0.001,-0.001,-0.001,-0.001,0,0.001,0.001,0.002,0.002,0.002,0.002,0.001,0,0,0,0.001,0.001,0.002,0.002,0.002,0.002,0.002,0.002,0.002,0.002,0.002,0.002,0.001,0.001,0,0,0,0,-0.001,-0.001,-0.003,-0.004,-0.005,-0.006,-0.006,-0.006,-0.006,-0.006,-0.006,-0.006,-0.005,-0.004,-0.003,-0.001,-0.001,0,0.001,0.001,0.001,0.001,0.002,0.002,0.002,0.002,0.002,0.001,0.001,0.001,0.001,0.002,0.003,0.004,0.004,0.004,0.004,0.003,0.002,0.002,0.001,0.001,0.001,0.001,0,0,0,0,0,0,0,-0.001,-0.001,-0.002,-0.002,-0.002,-0.001,-0.001,-0.001,-0.002,-0.003,-0.003,-0.003,-0.003,-0.002,-0.002,-0.001,0,0.001,0.001,0.002,0.003,0.003,0.004,0.004,0.005,0.004,0.004,0.003,0.002,0.001,0.001,0.001,0,0,-0.001,-0.001,-0.001,-0.001,0,0.001,0.001,0.001,0,-0.001,-0.001,-0.001,-0.001,-0.001,0,-0.001,-0.002,-0.002,-0.003,-0.003,-0.003,-0.002,-0.001,0,0,-0.001,-0.002,-0.003,-0.003,-0.002,-0.001,0,0,0,0,0,0,0,0,0,0.001,0.001,0.001,0.002,0.002,0.001,0,0,-0.001,-0.001,0,0,0.001,0.002,0.002,0.002,0.002,0.002,0.002,0.002,0.002,0.002,0.002,0.002,0.001,0,0,-0.001,-0.002,-0.002,-0.002,-0.002,-0.002,-0.002,-0.002,-0.002,-0.002,,,,,,,,,,,,,,,,,,,,,,,,,,,,,,,,,,,,,,,,,,,,,,, 
24000,25,0,0,0,0.001,0.001,0.002,0.002,0.003,0.003,0.003,0.002,0.002,0.002,0.002,0.002,0.002,0.002,0.001,0.001,0.001,0,0,-0.001,-0.001,-0.002,-0.002,-0.003,-0.004,-0.005,-0.006,-0.006,-0.006,-0.006,-0.005,-0.005,-0.005,-0.005,-0.004,-0.003,-0.002,-0.001,-0.001,0,0,0,0.001,0.002,0.003,0.003,0.003,0.003,0.002,0.002,0.001,0.001,0.001,0.001,0.001,0.002,0.002,0.002,0.003,0.003,0.003,0.003,0.003,0.002,0.002,0.001,0.001,0.001,0.002,0.002,0.002,0.002,0.002,0.001,0,0,-0.001,0,0,0,-0.001,-0.001,-0.001,-0.002,-0.002,-0.002,-0.002,-0.002,-0.002,-0.002,-0.002,-0.002,-0.002,-0.002,-0.002,-0.002,-0.002,-0.001,-0.001,-0.001,-0.001,-0.001,0,0.001,0.002,0.002,0.002,0.002,0.001,0.001,0.002,0.002,0.002,0.003,0.003,0.003,0.003,0.003,0.003,0.003,0.002,0.002,0.001,0.001,0.001,0.001,0.001,0,0,-0.001,-0.002,-0.003,-0.003,-0.004,-0.005,-0.006,-0.007,-0.006,-0.006,-0.005,-0.004,-0.003,-0.003,-0.003,-0.003,-0.003,-0.003,-0.002,-0.001,-0.001,-0.001,0,0,0.001,0.001,0.002,0.002,0.002,0.001,0.001,0,0,0.001,0.002,0.002,0.002,0.002,0.002,0.003,0.003,0.003,0.003,0.003,0.003,0.003,0.003,0.002,0.001,0,0,-0.001,-0.001,-0.001,-0.001,-0.001,-0.001,-0.001,-0.002,-0.001,-0.001,0,0,0.001,0.001,0.001,0,0,0.001,0.001,0.002,0.002,0.001,0.001,0.001,0.001,0.001,0.001,0,0,0,0,0,0,0,0,0.001,0.001,0.001,0.002,0.002,0.002,0.002,0.002,0.002,0.002,0.001,0.001,0.001,0.001,0,0,-0.001,-0.001,-0.001,-0.002,-0.002,-0.003,-0.004,-0.004,-0.004,-0.003,,,,,,,,,,,,,,,,,,,,,,,,,,,,,,,,,,,,,,,,,,,,,,, 
32000,90,-0.003,-0.003,-0.003,-0.002,-0.002,-0.002,-0.002,-0.002,-0.002,-0.001,-0.001,-0.001,-0.001,-0.001,-0.001,-0.001,-0.001,0,0,0.001,0.001,0.002,0.002,0.001,0,0,-0.001,-0.001,-0.001,-0.001,-0.001,-0.001,-0.001,-0.002,-0.002,-0.002,-0.002,-0.001,0,0.001,0.002,0.002,0.002,0.002,0.001,0.001,0.002,0.003,0.004,0.006,0.009,0.012,0.015,0.017,0.017,0.015,0.011,0.005,-0.001,-0.007,-0.011,-0.014,-0.016,-0.016,-0.017,-0.017,-0.018,-0.018,-0.018,-0.016,-0.013,-0.008,-0.002,0.004,0.009,0.014,0.016,0.017,0.016,0.013,0.009,0.003,-0.002,-0.006,-0.007,-0.006,-0.004,-0.002,0,0,0,-0.002,-0.004,-0.006,-0.008,-0.009,-0.009,-0.007,-0.004,-0.001,0.001,0.002,0.003,0.003,0.005,0.008,0.012,0.018,0.023,0.028,0.032,0.032,0.03,0.025,0.018,0.011,0.003,-0.003,-0.008,-0.011,-0.012,-0.013,-0.012,-0.012,-0.012,-0.012,-0.013,-0.014,-0.014,-0.013,-0.011,-0.009,-0.007,-0.005,-0.003,-0.002,-0.001,0,0.001,0.001,0.002,0.002,0.003,0.003,0.004,0.005,0.007,0.009,0.01,0.011,0.012,0.012,0.011,0.01,0.009,0.007,0.006,0.004,0.002,0,-0.002,-0.004,-0.006,-0.007,-0.007,-0.007,-0.007,-0.007,-0.007,-0.008,-0.007,-0.007,-0.006,-0.004,-0.003,-0.002,-0.001,0,0.002,0.003,0.004,0.005,0.005,0.006,0.006,0.005,0.005,0.004,0.004,0.003,0.002,0.001,0.001,0,0,0,-0.001,-0.002,-0.002,-0.002,-0.002,-0.002,-0.003,-0.003,-0.003,-0.003,-0.003,-0.003,-0.003,-0.003,-0.003,-0.003,-0.003,-0.002,-0.002,-0.001,-0.001,-0.001,-0.001,-0.002,-0.002,-0.002,-0.002,-0.002,-0.002,-0.002,-0.001,-0.001,-0.001,-0.001,-0.001,-0.001,-0.001,-0.001,0,-0.001,-0.001,-0.001,-0.001,-0.001,-0.002,-0.002,-0.002,-0.001,,,,,,,,,,,,,,,,,,,,,,,,,,,,,,,,,,,,,,,,,,,,,,, 
32000,85,0.003,0.003,0.003,0.002,0.002,0.002,0.002,0.003,0.004,0.004,0.004,0.004,0.004,0.004,0.004,0.004,0.004,0.004,0.004,0.004,0.004,0.003,0.003,0.001,0,0,-0.001,-0.001,-0.002,-0.002,-0.002,-0.003,-0.003,-0.003,-0.003,-0.003,-0.004,-0.004,-0.003,-0.003,-0.003,-0.002,-0.002,-0.001,-0.001,0,0,0,0,0.002,0.004,0.007,0.01,0.013,0.014,0.014,0.012,0.009,0.004,-0.002,-0.007,-0.011,-0.013,-0.014,-0.014,-0.014,-0.014,-0.014,-0.014,-0.014,-0.014,-0.011,-0.008,-0.003,0.002,0.008,0.012,0.015,0.016,0.014,0.011,0.006,0.001,-0.003,-0.006,-0.006,-0.004,-0.002,0.001,0.003,0.005,0.005,0.004,0.002,-0.001,-0.005,-0.008,-0.009,-0.009,-0.007,-0.005,-0.002,-0.001,0,-0.001,0,0.001,0.003,0.007,0.013,0.018,0.023,0.025,0.025,0.023,0.019,0.014,0.008,0.003,-0.002,-0.005,-0.007,-0.008,-0.007,-0.006,-0.004,-0.004,-0.005,-0.006,-0.008,-0.009,-0.009,-0.008,-0.006,-0.005,-0.004,-0.004,-0.005,-0.005,-0.005,-0.005,-0.004,-0.004,-0.003,-0.003,-0.002,-0.002,-0.001,0.001,0.002,0.003,0.004,0.004,0.005,0.005,0.006,0.006,0.006,0.006,0.005,0.003,0.001,-0.002,-0.003,-0.004,-0.005,-0.005,-0.005,-0.005,-0.004,-0.003,-0.002,-0.001,0,0.001,0.002,0.003,0.004,0.004,0.005,0.005,0.005,0.005,0.005,0.004,0.004,0.004,0.003,0.002,0.002,0.002,0.002,0.002,0.002,0.002,0.001,0.001,0,0,0,0,0,0,0,0,-0.001,-0.001,-0.001,-0.001,-0.001,-0.002,-0.003,-0.004,-0.005,-0.007,-0.007,-0.008,-0.008,-0.007,-0.007,-0.006,-0.006,-0.006,-0.007,-0.007,-0.007,-0.007,-0.006,-0.005,-0.004,-0.003,-0.002,-0.002,-0.001,-0.001,-0.001,0,0.001,0.002,0.003,0.003,0.003,0.004,0.004,,,,,,,,,,,,,,,,,,,,,,,,,,,,,,,,,,,,,,,,,,,,,,, 
32000,80,0.004,0.004,0.003,0.002,0.002,0.001,0.001,0.001,0.001,0,0,0,0,0,0,0.001,0.001,0,0,0.001,0.001,0.001,0.001,0.001,0,0,0,0,-0.001,-0.001,-0.002,-0.002,-0.001,-0.001,0,0,0,0.001,0.001,0.002,0.002,0.001,0.001,0.001,0.001,0.001,0.001,0.001,0.001,0.001,0.002,0.004,0.006,0.008,0.01,0.01,0.009,0.007,0.004,0,-0.004,-0.007,-0.01,-0.012,-0.012,-0.012,-0.012,-0.012,-0.012,-0.011,-0.011,-0.01,-0.009,-0.006,-0.003,0.001,0.005,0.009,0.011,0.012,0.011,0.009,0.005,-0.001,-0.007,-0.011,-0.012,-0.011,-0.007,-0.003,0.001,0.005,0.007,0.009,0.009,0.007,0.003,-0.001,-0.004,-0.007,-0.007,-0.006,-0.003,-0.001,0.001,0.002,0.002,0.003,0.004,0.006,0.01,0.014,0.017,0.02,0.02,0.018,0.014,0.01,0.005,0.001,-0.002,-0.003,-0.004,-0.003,-0.002,-0.002,-0.002,-0.002,-0.003,-0.004,-0.005,-0.006,-0.005,-0.005,-0.004,-0.003,-0.003,-0.003,-0.004,-0.005,-0.006,-0.006,-0.005,-0.005,-0.004,-0.003,-0.002,-0.002,-0.001,0,0.001,0.003,0.004,0.005,0.005,0.005,0.004,0.004,0.003,0.002,0.001,0.001,-0.001,-0.002,-0.003,-0.004,-0.004,-0.005,-0.004,-0.004,-0.003,-0.003,-0.003,-0.002,-0.002,-0.001,0.001,0.002,0.003,0.004,0.005,0.005,0.005,0.005,0.005,0.005,0.006,0.006,0.006,0.005,0.005,0.004,0.004,0.003,0.003,0.003,0.003,0.003,0.003,0.003,0.002,0.002,0.001,0,0,-0.001,-0.001,-0.002,-0.002,-0.003,-0.004,-0.004,-0.005,-0.006,-0.006,-0.007,-0.007,-0.007,-0.008,-0.008,-0.008,-0.008,-0.007,-0.006,-0.006,-0.005,-0.005,-0.004,-0.004,-0.003,-0.003,-0.002,-0.002,-0.002,-0.001,-0.001,0,0.001,0.002,0.003,0.003,0.004,0.004,0.004,,,,,,,,,,,,,,,,,,,,,,,,,,,,,,,,,,,,,,,,,,,,,,, 
32000,75,0.001,0.001,0.001,0.001,0,0.001,0.001,0.003,0.004,0.004,0.005,0.005,0.004,0.004,0.003,0.002,0.001,0.001,0.001,0.001,0.001,0.001,0,0,-0.001,-0.001,-0.002,-0.003,-0.003,-0.004,-0.004,-0.003,-0.003,-0.002,-0.003,-0.003,-0.003,-0.002,-0.002,-0.002,-0.002,-0.001,-0.001,0,0.001,0.002,0.003,0.004,0.005,0.005,0.005,0.005,0.006,0.008,0.009,0.011,0.012,0.011,0.009,0.005,0.002,-0.001,-0.004,-0.007,-0.009,-0.01,-0.011,-0.013,-0.013,-0.013,-0.013,-0.012,-0.011,-0.009,-0.007,-0.005,-0.002,0.001,0.004,0.006,0.007,0.008,0.007,0.005,0.002,-0.001,-0.004,-0.005,-0.006,-0.006,-0.005,-0.002,0.001,0.005,0.008,0.01,0.01,0.008,0.006,0.003,0,-0.002,-0.004,-0.004,-0.002,0,0.001,0.003,0.004,0.005,0.006,0.008,0.01,0.012,0.014,0.015,0.014,0.012,0.008,0.003,0,-0.003,-0.004,-0.005,-0.005,-0.004,-0.004,-0.004,-0.004,-0.005,-0.005,-0.005,-0.005,-0.005,-0.004,-0.004,-0.003,-0.003,-0.003,-0.003,-0.004,-0.005,-0.006,-0.006,-0.007,-0.007,-0.006,-0.005,-0.004,-0.002,-0.001,0,0.001,0.002,0.003,0.003,0.004,0.005,0.005,0.006,0.007,0.007,0.007,0.006,0.005,0.004,0.002,0.001,-0.001,-0.002,-0.002,-0.002,-0.002,-0.002,-0.002,-0.002,-0.002,-0.002,-0.001,-0.002,-0.002,-0.002,-0.002,-0.001,-0.001,0,0.001,0.002,0.003,0.002,0.002,0.001,0,0,0,0,0.001,0.001,0.002,0.002,0.002,0.002,0.002,0.002,0.002,0.001,0,-0.001,-0.001,-0.002,-0.001,-0.001,-0.001,-0.001,-0.002,-0.002,-0.003,-0.003,-0.003,-0.003,-0.003,-0.003,-0.002,-0.002,-0.001,0,0,0,-0.001,-0.001,-0.002,-0.003,-0.003,-0.003,-0.003,-0.003,-0.002,-0.001,-0.001,0,0,0,0,0,,,,,,,,,,,,,,,,,,,,,,,,,,,,,,,,,,,,,,,,,,,,,,, 
32000,70,0.003,0.002,0.001,0.001,0,0,0.001,0.001,0.001,0.001,0,0,-0.001,-0.001,-0.001,-0.001,0,0,0.001,0.001,0.001,0.001,0.001,0,0,-0.001,-0.001,-0.001,-0.001,0,-0.001,-0.001,-0.001,-0.001,0,0.001,0.001,0.001,0.001,0,0,0,0,0,0,0,-0.001,-0.001,-0.001,-0.001,-0.001,0,0.001,0.003,0.005,0.007,0.008,0.008,0.008,0.006,0.003,0,-0.003,-0.006,-0.007,-0.008,-0.009,-0.009,-0.009,-0.01,-0.01,-0.009,-0.008,-0.007,-0.006,-0.004,-0.002,0,0.002,0.003,0.005,0.006,0.007,0.007,0.007,0.005,0.004,0.001,-0.002,-0.004,-0.005,-0.005,-0.004,-0.002,0.001,0.004,0.006,0.008,0.009,0.009,0.008,0.006,0.003,0,-0.003,-0.004,-0.003,-0.001,0.001,0.003,0.004,0.005,0.005,0.005,0.006,0.007,0.008,0.008,0.007,0.006,0.005,0.003,0.001,-0.001,-0.002,-0.002,-0.002,-0.001,-0.001,0,0,0,0,0,0,0,0,0,0,-0.001,-0.001,-0.002,-0.002,-0.003,-0.002,-0.002,-0.002,-0.002,-0.003,-0.003,-0.003,-0.002,-0.002,-0.001,0,0.001,0.002,0.003,0.005,0.006,0.006,0.006,0.006,0.005,0.003,0.001,0,-0.002,-0.003,-0.004,-0.004,-0.004,-0.004,-0.004,-0.004,-0.004,-0.004,-0.005,-0.005,-0.004,-0.004,-0.004,-0.003,-0.002,0,0.001,0.003,0.003,0.003,0.002,0.001,0,0,0,0,0,0,0.001,0.001,0.001,0.001,0.002,0.002,0.002,0.002,0.001,0.001,0.001,0.001,0.002,0.003,0.004,0.004,0.004,0.003,0.002,0.001,-0.001,-0.002,-0.002,-0.002,-0.002,-0.002,-0.003,-0.003,-0.004,-0.004,-0.005,-0.004,-0.004,-0.004,-0.003,-0.003,-0.002,-0.002,-0.002,-0.002,-0.002,-0.002,-0.001,-0.001,-0.002,-0.004,-0.004,,,,,,,,,,,,,,,,,,,,,,,,,,,,,,,,,,,,,,,,,,,,,,, 
32000,65,0.003,0.002,0.002,0.002,0.001,0,-0.001,-0.002,-0.003,-0.003,-0.004,-0.003,-0.003,-0.003,-0.003,-0.004,-0.004,-0.005,-0.004,-0.004,-0.003,-0.002,-0.002,-0.001,-0.002,-0.003,-0.004,-0.004,-0.004,-0.004,-0.003,-0.002,-0.001,-0.001,0,0.001,0.001,0.002,0.003,0.004,0.005,0.005,0.005,0.005,0.005,0.005,0.004,0.004,0.005,0.005,0.005,0.005,0.004,0.003,0.003,0.004,0.005,0.006,0.006,0.005,0.004,0.001,-0.001,-0.003,-0.004,-0.005,-0.005,-0.005,-0.005,-0.005,-0.006,-0.005,-0.005,-0.004,-0.003,-0.003,-0.002,-0.001,0.001,0.003,0.005,0.007,0.007,0.007,0.005,0.003,0,-0.002,-0.004,-0.005,-0.006,-0.007,-0.008,-0.008,-0.008,-0.007,-0.005,-0.003,0,0.002,0.004,0.005,0.006,0.006,0.005,0.004,0.002,0,-0.001,-0.001,0,0.001,0.002,0.003,0.004,0.006,0.008,0.009,0.01,0.009,0.008,0.006,0.003,0.001,-0.001,-0.003,-0.003,-0.003,-0.002,-0.001,-0.001,0,0,0,-0.001,-0.001,-0.001,-0.001,-0.001,-0.002,-0.002,-0.003,-0.004,-0.004,-0.005,-0.006,-0.006,-0.005,-0.004,-0.003,-0.002,-0.002,-0.001,0.001,0.002,0.003,0.004,0.005,0.006,0.007,0.007,0.007,0.007,0.007,0.007,0.007,0.006,0.006,0.004,0.003,0.001,-0.001,-0.002,-0.004,-0.005,-0.005,-0.006,-0.006,-0.006,-0.006,-0.006,-0.006,-0.005,-0.005,-0.004,-0.004,-0.003,-0.002,-0.002,-0.001,0,0,0,0.001,0.001,0.001,0.002,0.002,0.002,0.002,0.002,0.002,0.003,0.003,0.003,0.002,0.002,0.002,0.002,0.002,0.003,0.003,0.002,0.002,0.001,0.001,0,0.001,0.001,0.001,0,0,-0.001,-0.002,-0.003,-0.005,-0.006,-0.006,-0.006,-0.005,-0.004,-0.004,-0.003,-0.002,0,0,0.001,0.001,0.001,0.001,0.001,0.001,0,0,,,,,,,,,,,,,,,,,,,,,,,,,,,,,,,,,,,,,,,,,,,,,,, 
32000,60,-0.002,-0.001,-0.001,-0.001,0,0,0,0,0,0,0,0.001,0.001,0.002,0.002,0.002,0.002,0.001,0.002,0.002,0.002,0.002,0.002,0.001,0.001,0.001,0,0,0,0,0,0,0,0,0.001,0.001,0.002,0.002,0.002,0.001,0.001,0.001,0.001,0.002,0.002,0.002,0.001,0.001,0.001,0.001,0.001,0.001,0,0,0,0,0.001,0.002,0.004,0.005,0.005,0.004,0.003,0.001,-0.001,-0.002,-0.004,-0.005,-0.006,-0.006,-0.005,-0.005,-0.005,-0.005,-0.006,-0.006,-0.006,-0.005,-0.004,-0.003,-0.001,0.001,0.002,0.003,0.002,0.002,0,-0.001,-0.003,-0.004,-0.006,-0.006,-0.007,-0.006,-0.005,-0.004,-0.003,-0.002,-0.002,-0.001,0.001,0.003,0.005,0.006,0.006,0.005,0.004,0.004,0.003,0.003,0.003,0.003,0.003,0.003,0.004,0.005,0.006,0.008,0.009,0.009,0.008,0.006,0.003,0.001,-0.002,-0.005,-0.007,-0.008,-0.009,-0.008,-0.007,-0.006,-0.004,-0.002,0,0.001,0.002,0.002,0.003,0.003,0.004,0.004,0.004,0.004,0.003,0.002,0.001,0,-0.001,-0.001,-0.001,-0.001,-0.001,-0.002,-0.002,-0.003,-0.003,-0.003,-0.003,-0.002,-0.002,-0.001,0,0.001,0.002,0.003,0.005,0.006,0.007,0.007,0.006,0.005,0.004,0.003,0.003,0.004,0.004,0.004,0.003,0.002,0.001,0.001,0,-0.001,-0.002,-0.003,-0.005,-0.005,-0.006,-0.006,-0.005,-0.004,-0.004,-0.003,-0.003,-0.002,-0.002,-0.002,-0.002,-0.002,-0.003,-0.003,-0.003,-0.002,-0.002,-0.003,-0.003,-0.003,-0.002,-0.002,-0.001,0,0,0.001,0.001,0,0,0.001,0.001,0.001,0.002,0.001,0.001,0,-0.001,-0.002,-0.002,-0.003,-0.002,-0.002,-0.002,-0.003,-0.002,-0.002,-0.001,0,0.001,0.002,0.002,0.002,0.003,0.003,0.003,0.002,,,,,,,,,,,,,,,,,,,,,,,,,,,,,,,,,,,,,,,,,,,,,,, 
32000,55,0.001,0,0,-0.001,-0.002,-0.002,-0.001,0.001,0.002,0.003,0.003,0.002,0.001,0,0,0.001,0.002,0.002,0.002,0.002,0.001,0.001,0,0,0,0,0,0.001,0.002,0.002,0.001,0,0,-0.001,-0.001,-0.001,-0.001,-0.001,0,0,0,-0.001,-0.001,-0.001,-0.001,-0.001,0,0,0,0,0,0,0.001,0.001,0.001,0,0,0,0,0.001,0.001,0.001,0.001,0.002,0.001,0,-0.001,-0.002,-0.004,-0.005,-0.005,-0.005,-0.005,-0.004,-0.004,-0.003,-0.003,-0.003,-0.003,-0.002,-0.001,0.001,0.003,0.005,0.007,0.007,0.007,0.006,0.005,0.003,0.002,0,-0.001,-0.002,-0.002,-0.002,-0.002,-0.002,-0.001,-0.001,-0.001,0,0.001,0.002,0.002,0.002,0.002,0.002,0.002,0.002,0.002,0.002,0.001,0.001,0.001,0,0,0,0.001,0.001,0.002,0.003,0.003,0.004,0.003,0.003,0.002,0,-0.002,-0.003,-0.004,-0.004,-0.004,-0.003,-0.002,-0.001,-0.001,0,0,0.001,0.001,0.002,0.002,0.003,0.003,0.002,0.002,0.001,0.001,0,-0.002,-0.003,-0.004,-0.004,-0.004,-0.004,-0.004,-0.004,-0.004,-0.003,-0.003,-0.002,-0.002,-0.002,-0.001,0,0.002,0.003,0.004,0.004,0.005,0.005,0.005,0.004,0.004,0.005,0.005,0.006,0.007,0.006,0.005,0.004,0.002,0.001,0.001,0,0,-0.001,0,0,0,0.001,0.001,0.001,0,0,-0.001,-0.001,-0.001,-0.001,-0.001,-0.001,-0.001,-0.002,-0.002,-0.003,-0.003,-0.004,-0.004,-0.005,-0.005,-0.005,-0.005,-0.004,-0.003,-0.003,-0.002,-0.002,-0.002,-0.002,-0.003,-0.003,-0.003,-0.002,-0.002,-0.001,-0.001,-0.001,0,0,0,0.001,0.001,0.001,0.001,0.001,0.001,0.001,0.001,0,0,0,0,0.001,,,,,,,,,,,,,,,,,,,,,,,,,,,,,,,,,,,,,,,,,,,,,,, 
32000,50,-0.003,-0.003,-0.003,-0.004,-0.004,-0.003,-0.002,-0.001,0,0.001,0.002,0.002,0.002,0.002,0.002,0.002,0.002,0.002,0.002,0.002,0.002,0.001,0.001,0.001,0.002,0.002,0.003,0.003,0.002,0.001,0.001,0,0,0,0.001,0.001,0,0,0,0.001,0.001,0.002,0.002,0.001,0.001,0,0,-0.001,0,0,0.001,0.001,0.001,0.001,0.001,0,-0.001,-0.001,-0.002,-0.003,-0.003,-0.002,-0.001,0,0,0,-0.001,-0.002,-0.003,-0.003,-0.003,-0.003,-0.003,-0.004,-0.004,-0.004,-0.003,-0.003,-0.003,-0.003,-0.003,-0.003,-0.002,-0.001,0,0.001,0.003,0.004,0.006,0.007,0.007,0.006,0.005,0.003,0.001,0,-0.001,-0.001,-0.001,-0.001,-0.001,-0.001,0,0,0,0,0,0,0,0,0,0,0,0,0,0,0,0.001,0.001,0.002,0.003,0.004,0.005,0.006,0.006,0.005,0.004,0.003,0.002,0.002,0.001,0,0,-0.001,-0.001,-0.002,-0.002,-0.002,-0.002,-0.001,-0.001,0.001,0.001,0.002,0.001,0.001,0.001,0.001,0.001,0.001,0,-0.001,-0.001,-0.002,-0.002,-0.002,-0.002,-0.002,-0.003,-0.003,-0.004,-0.003,-0.002,-0.001,-0.001,-0.001,-0.001,0,0,0.001,0.001,0.002,0.003,0.003,0.004,0.004,0.005,0.005,0.005,0.005,0.005,0.004,0.003,0.003,0.002,0.002,0.002,0.002,0.002,0.001,0,-0.001,-0.001,-0.001,-0.001,-0.001,-0.001,-0.001,-0.001,-0.001,-0.001,-0.001,-0.001,-0.001,-0.001,-0.001,0,0.001,0.001,0.001,0.001,0,-0.001,-0.001,-0.001,-0.001,0,0,0,0.001,0,-0.001,-0.002,-0.002,-0.003,-0.003,-0.003,-0.003,-0.003,-0.003,-0.003,-0.003,-0.003,-0.002,-0.002,-0.002,-0.002,-0.003,-0.004,-0.004,-0.004,-0.004,-0.003,-0.003,,,,,,,,,,,,,,,,,,,,,,,,,,,,,,,,,,,,,,,,,,,,,,, 
32000,45,0.002,0.003,0.003,0.003,0.003,0.003,0.003,0.002,0.002,0.002,0.003,0.003,0.004,0.003,0.003,0.002,0.001,0.001,0,0,0,0,0,0,0,0,0,-0.001,-0.001,-0.001,-0.002,-0.002,-0.002,-0.002,-0.002,-0.002,-0.002,-0.002,-0.002,-0.002,-0.002,-0.002,-0.003,-0.003,-0.003,-0.003,-0.003,-0.002,-0.002,-0.001,-0.001,-0.001,0,0,0.001,0.001,0.001,0.002,0.002,0.003,0.003,0.003,0.003,0.002,0.002,0.002,0.002,0.001,0.001,0,0,-0.001,-0.002,-0.002,-0.003,-0.003,-0.003,-0.003,-0.003,-0.002,-0.002,-0.001,-0.001,-0.001,-0.001,-0.001,-0.001,-0.001,0,0.001,0.001,0.002,0.002,0.003,0.003,0.003,0.002,0.002,0.001,0,0,-0.001,-0.001,-0.001,-0.001,0,0,0,0,0.001,0.001,0.002,0.002,0.002,0.002,0.002,0.002,0.002,0.002,0.002,0.002,0.002,0.002,0.001,0,-0.001,-0.001,-0.001,-0.001,-0.002,-0.003,-0.003,-0.004,-0.004,-0.004,-0.004,-0.005,-0.005,-0.005,-0.004,-0.003,-0.002,-0.001,0,0.001,0.001,0.002,0.001,0.001,0.001,0.001,0.002,0.003,0.003,0.004,0.003,0.002,0.001,0,0.001,0.001,0.001,0,-0.001,-0.002,-0.002,-0.002,-0.002,-0.001,0,0.001,0.001,0.002,0.001,0.001,0.001,0.001,0.001,0.002,0.002,0.003,0.003,0.003,0.003,0.003,0.003,0.003,0.003,0.003,0.003,0.002,0.002,0.001,0,0,0,0,0.001,0.001,0.001,0,0,-0.001,-0.001,-0.002,-0.003,-0.003,-0.003,-0.002,-0.002,-0.002,-0.002,-0.002,-0.003,-0.003,-0.004,-0.004,-0.005,-0.005,-0.005,-0.005,-0.005,-0.005,-0.005,-0.004,-0.003,-0.003,-0.002,-0.002,-0.002,-0.002,-0.002,-0.001,0.001,0.002,0.003,0.004,0.005,0.005,0.004,0.004,0.003,0.002,0.002,,,,,,,,,,,,,,,,,,,,,,,,,,,,,,,,,,,,,,,,,,,,,,, 
32000,40,-0.001,-0.001,0,0,0,0,0,0,0,0.001,0.001,0.001,0,0,0,0,0,0,0,0.001,0.001,0.001,0,0,0,0,-0.001,-0.001,-0.001,0,0,0.001,0,0,-0.001,-0.001,-0.001,-0.001,-0.001,0,0,0,0.001,0.001,0.001,0.001,0.002,0.002,0.002,0.002,0.001,0.001,0.001,0,0,-0.001,-0.001,-0.001,-0.001,-0.001,-0.002,-0.002,-0.001,-0.001,-0.001,-0.001,-0.001,0,0,0,0,0,-0.001,-0.001,-0.002,-0.002,-0.002,-0.002,-0.002,-0.002,-0.002,-0.002,-0.002,-0.002,-0.001,-0.001,-0.001,-0.001,-0.001,-0.001,0,0,0.001,0.001,0.002,0.002,0.002,0.001,0,0,0,0,0,0,0,0,0,0,0,0,0,0,0,0.001,0.001,0,0,0,-0.001,-0.002,-0.003,-0.003,-0.003,-0.002,-0.002,-0.002,-0.003,-0.003,-0.003,-0.002,-0.002,-0.001,-0.001,0,0,0.001,0.001,0.001,0.002,0.002,0.002,0.002,0.002,0.003,0.004,0.003,0.003,0.002,0.002,0.002,0.003,0.002,0.002,0.002,0.002,0.001,0.001,0,-0.001,-0.001,-0.002,-0.002,-0.002,-0.001,0,0,0,-0.001,-0.001,-0.001,-0.001,-0.001,-0.001,-0.001,-0.001,-0.001,0,0,0.001,0.001,0.002,0.002,0.003,0.003,0.003,0.003,0.002,0.001,0.001,0,0,0,0,-0.001,-0.001,-0.001,-0.002,-0.002,-0.002,-0.002,-0.001,-0.001,-0.002,-0.002,-0.003,-0.004,-0.004,-0.004,-0.003,-0.003,-0.002,-0.002,-0.002,-0.001,0,0.001,0.002,0.002,0.002,0.001,0.001,0.001,0.001,0.002,0.003,0.003,0.003,0.003,0.003,0.003,0.003,0.003,0.003,0.002,0.002,0.002,0.002,0.001,0.001,0.001,0,0,-0.001,-0.001,,,,,,,,,,,,,,,,,,,,,,,,,,,,,,,,,,,,,,,,,,,,,,, 
32000,35,-0.001,-0.001,-0.001,-0.001,0,0,0,0.001,0.001,0.002,0.002,0.001,0.001,0.001,0.002,0.002,0.002,0.002,0.002,0.002,0.002,0.002,0.002,0.002,0.003,0.003,0.003,0.003,0.002,0.001,0,0,0,0,0,0,0,0,0,0,0,0,-0.001,-0.001,-0.001,-0.002,-0.002,-0.002,-0.002,-0.003,-0.003,-0.003,-0.004,-0.004,-0.005,-0.005,-0.004,-0.004,-0.003,-0.003,-0.002,-0.002,-0.002,-0.001,-0.001,-0.001,0,0,0,0.001,0.001,0.002,0.002,0.002,0.002,0.002,0.002,0.002,0.003,0.003,0.004,0.004,0.004,0.004,0.004,0.004,0.004,0.004,0.004,0.004,0.003,0.002,0.001,0,-0.001,-0.002,-0.002,-0.003,-0.003,-0.002,-0.001,0,0,0,0,-0.001,-0.001,-0.001,0,0,-0.001,-0.002,-0.003,-0.004,-0.004,-0.004,-0.004,-0.003,-0.003,-0.003,-0.003,-0.003,-0.004,-0.004,-0.003,-0.003,-0.003,-0.004,-0.003,-0.003,-0.002,-0.001,0,0,0,0.001,0.001,0.001,0.002,0.002,0.002,0.002,0.002,0.002,0.002,0.002,0.002,0.002,0.002,0.002,0.002,0.002,0.002,0.002,0.002,0.001,0.001,0,0,-0.001,-0.002,-0.002,-0.003,-0.003,-0.003,-0.002,-0.001,-0.001,0,0.001,0.002,0.002,0.002,0.001,0.001,0,-0.001,-0.001,-0.001,0,0.001,0.001,0.001,0.001,0.002,0.002,0.001,0.001,0.001,0,0,0,0.001,0.001,0.001,0.001,0.001,0.001,0.001,0.001,0,0,0,-0.001,-0.001,-0.002,-0.003,-0.004,-0.004,-0.004,-0.003,-0.002,-0.001,-0.001,0,0,-0.001,-0.001,-0.001,-0.001,-0.001,-0.001,-0.001,-0.001,-0.001,-0.001,-0.001,0,0.001,0.001,0.001,0.002,0.002,0.002,0.001,0.001,0.001,0.001,0.002,0.002,0.003,0.003,0.002,0.002,,,,,,,,,,,,,,,,,,,,,,,,,,,,,,,,,,,,,,,,,,,,,,, 
32000,30,0,0,-0.001,-0.002,-0.002,-0.002,-0.002,-0.002,-0.002,-0.001,-0.001,-0.001,-0.001,-0.001,-0.001,-0.001,-0.001,-0.001,-0.002,-0.003,-0.003,-0.002,-0.002,-0.001,-0.001,-0.001,0,0.001,0.001,0.002,0.002,0.001,0.001,0,0,0,0.001,0.002,0.002,0.003,0.003,0.003,0.002,0.002,0.002,0.002,0.002,0.002,0.002,0.001,0.001,0,0,-0.001,-0.001,-0.001,0,0,0.001,0.001,0.001,0.002,0.002,0.002,0.002,0.002,0.002,0.002,0.002,0.002,0.001,0,0,-0.001,-0.001,-0.002,-0.002,-0.003,-0.003,-0.002,-0.001,-0.001,0,0,0,-0.001,-0.001,-0.001,-0.001,-0.001,0,0.001,0.001,0.001,0.002,0.001,0.001,0.001,0.001,0,0,0,0.001,0.001,0.001,0,0,-0.001,-0.002,-0.002,-0.003,-0.003,-0.003,-0.003,-0.003,-0.003,-0.002,-0.002,-0.001,0,0.001,0.002,0.002,0.002,0.002,0.002,0.001,0.001,0.001,0.002,0.002,0.001,0.001,0,0,-0.001,-0.001,-0.002,-0.002,-0.002,-0.001,-0.001,0,0.001,0.001,0.002,0.003,0.004,0.004,0.004,0.003,0.002,0.002,0.001,0.001,0.001,0.001,0.001,0.001,0.002,0.001,0.001,0,-0.001,-0.001,-0.001,-0.001,-0.001,-0.001,-0.001,-0.002,-0.001,-0.001,-0.001,-0.001,-0.001,-0.002,-0.002,-0.002,-0.002,-0.002,-0.002,-0.002,-0.001,-0.001,-0.001,-0.001,-0.001,-0.001,0,0,0.001,0.002,0.002,0.002,0.002,0.002,0.002,0.002,0.001,0.001,0,0,0,0,0,0,0,0,0.001,0.001,0.002,0.001,0.001,0.001,0.001,0.001,0.001,0.001,0.001,0,0,0,-0.001,-0.001,-0.002,-0.002,-0.003,-0.003,-0.002,-0.002,-0.001,-0.001,-0.001,-0.001,-0.001,-0.001,-0.001,-0.001,-0.001,-0.001,0,0,0,,,,,,,,,,,,,,,,,,,,,,,,,,,,,,,,,,,,,,,,,,,,,,, 
32000,25,-0.001,-0.001,0,0,0.001,0.001,0.002,0.002,0.002,0.002,0.002,0.001,0.001,0.001,0.001,0.001,0.001,0.001,0.001,0.001,0.001,0,-0.001,-0.001,-0.001,0,0,0,0,0,-0.001,-0.001,0,0,0,-0.001,-0.001,-0.002,-0.002,-0.002,-0.003,-0.003,-0.003,-0.003,-0.002,-0.002,-0.001,-0.001,0,0,0,0,-0.001,-0.001,-0.001,-0.001,-0.001,-0.001,0,0,-0.001,-0.001,-0.001,-0.002,-0.001,-0.001,-0.001,-0.001,-0.001,-0.001,0,0,0,0.001,0.001,0.002,0.002,0.002,0.003,0.003,0.003,0.004,0.004,0.005,0.005,0.004,0.004,0.004,0.004,0.003,0.002,0.001,0,0,0,0,0,0,0,0,-0.001,-0.002,-0.003,-0.004,-0.005,-0.005,-0.005,-0.005,-0.005,-0.004,-0.003,-0.002,-0.002,-0.001,0,0,0.001,0.001,0.001,0.002,0.002,0.002,0.002,0.002,0.002,0.002,0.002,0.002,0.002,0.002,0.002,0.003,0.003,0.004,0.004,0.003,0.002,0.002,0.002,0.001,0,-0.001,-0.001,-0.001,-0.001,-0.001,-0.001,-0.001,0,0,0,0,0,0,0,0,0.001,0.001,0,0,0,0,0,0,0.001,0.002,0.002,0.002,0.002,0.002,0.002,0.001,0.001,0,0,0,0,-0.001,-0.001,-0.001,-0.002,-0.002,-0.002,-0.002,-0.002,-0.002,-0.002,-0.001,0,0,0.001,0.001,0.001,0.001,0,0,0,-0.001,-0.001,0,0,0.001,0.002,0.002,0.002,0.002,0.001,0,0,-0.001,-0.001,-0.001,-0.002,-0.002,-0.002,-0.002,-0.002,-0.001,-0.001,-0.001,-0.001,-0.001,-0.001,-0.001,-0.001,-0.002,-0.002,-0.003,-0.003,-0.002,-0.002,-0.001,-0.001,-0.001,-0.001,-0.001,-0.001,-0.001,0,0,0.001,0.001,0.001,0.001,,,,,,,,,,,,,,,,,,,,,,,,,,,,,,,,,,,,,,,,,,,,,,, 
32000,20,-0.002,-0.002,-0.002,-0.001,0,0.001,0.002,0.002,0.002,0.002,0.001,0,0,0,0,0,0,0.001,0.001,0.001,0,0,0,0,-0.001,-0.001,-0.002,-0.002,-0.003,-0.003,-0.003,-0.003,-0.003,-0.003,-0.003,-0.004,-0.003,-0.003,-0.002,-0.002,-0.001,-0.001,-0.001,0,0,0.001,0.001,0.002,0.003,0.003,0.003,0.003,0.003,0.003,0.004,0.004,0.005,0.006,0.005,0.004,0.003,0.002,0.001,0,0,0,0,0,0,0,0,-0.001,-0.001,-0.001,-0.002,-0.001,-0.001,-0.002,-0.002,-0.002,-0.002,-0.002,-0.001,-0.001,-0.001,0,0,0,0.001,0.002,0.002,0.003,0.003,0.003,0.004,0.005,0.005,0.005,0.004,0.004,0.003,0.002,0.001,0,0,-0.001,-0.001,-0.001,-0.002,-0.002,-0.002,-0.003,-0.003,-0.003,-0.003,-0.003,-0.003,-0.003,-0.003,-0.003,-0.002,-0.002,-0.002,-0.002,-0.002,-0.001,-0.001,0,0.001,0.001,0.001,0,0,0,0,-0.001,-0.002,-0.002,-0.003,-0.003,-0.003,-0.003,-0.002,-0.001,-0.001,-0.001,0,0,0.001,0.001,0.001,0.002,0.002,0.003,0.003,0.004,0.004,0.003,0.003,0.002,0.002,0.002,0.001,0.001,0.001,0.001,0.001,0.001,0.001,0.001,0.001,0.001,0.001,0.001,0,-0.001,-0.001,-0.001,-0.001,-0.001,-0.001,-0.001,-0.001,0,0,0,-0.001,-0.001,-0.001,-0.001,-0.001,-0.001,0,-0.001,-0.001,-0.001,-0.001,-0.001,-0.001,0,0,0,0.001,0.001,0.002,0.002,0.002,0.002,0.002,0.002,0.002,0.001,0.001,0.001,0.001,0.001,0.002,0.002,0.001,0.001,0,0,-0.001,-0.001,-0.001,-0.001,-0.001,-0.001,-0.001,-0.001,-0.001,0,0,0,0,0,-0.001,-0.001,-0.001,-0.001,-0.001,-0.002,-0.002,-0.002,,,,,,,,,,,,,,,,,,,,,,,,,,,,,,,,,,,,,,,,,,,,,,, 
,,,,,,,,,,,,,,,,,,,,,,,,,,,,,,,,,,,,,,,,,,,,,,,,,,,,,,,,,,,,,,,,,,,,,,,,,,,,,,,,,,,,,,,,,,,,,,,,,,,,,,,,,,,,,,,,,,,,,,,,,,,,,,,,,,,,,,,,,,,,,,,,,,,,,,,,,,,,,,,,,,,,,,,,,,,,,,,,,,,,,,,,,,,,,,,,,,,,,,,,,,,,,,,,,,,,,,,,,,,,,,,,,,,,,,,,,,,,,,,,,,,,,,,,,,,,,,,,,,,,,,,,,,,,,,,,,,,,,,,,,,,,,,,,,,,, 
,,,,,,,,,,,,,,,,,,,,,,,,,,,,,,,,,,,,,,,,,,,,,,,,,,,,,,,,,,,,,,,,,,,,,,,,,,,,,,,,,,,,,,,,,,,,,,,,,,,,,,,,,,,,,,,,,,,,,,,,,,,,,,,,,,,,,,,,,,,,,,,,,,,,,,,,,,,,,,,,,,,,,,,,,,,,,,,,,,,,,,,,,,,,,,,,,,,,,,,,,,,,,,,,,,,,,,,,,,,,,,,,,,,,,,,,,,,,,,,,,,,,,,,,,,,,,,,,,,,,,,,,,,,,,,,,,,,,,,,,,,,,,,,,,,,, 